task_id,title,dataset_id,dataset_path,status,tests_source,category
02d2fc13-2597-4b37-9a3a-2fee4e09f2f0,test,challenge_data_challengeData_2025-06-01_2025-10-08_page3.json,/Users/karanallagh/Desktop/DataCollector/challenge_data/challengeData_2025-06-01_2025-10-08/page3.json,skipped_non_coding_task,,metadata_only
02e6ada6-c495-45a5-a597-f3dd42174827,Topcoder Identity Service: tests implementation,challenge_data_challengeData_2025-06-01_2025-10-08_page2.json,/Users/karanallagh/Desktop/DataCollector/challenge_data/challengeData_2025-06-01_2025-10-08/page2.json,skipped_non_coding_task,,metadata_only
03c12726-323e-4e70-9dce-d26989f2c2c4,Pega LSA Lead System Architect  Remote US OR Brazil Time Zone,challenge_data_challengeData_2025-06-01_2025-10-08_page2.json,/Users/karanallagh/Desktop/DataCollector/challenge_data/challengeData_2025-06-01_2025-10-08/page2.json,skipped_non_coding_task,,metadata_only
048a71c6-7564-4b4d-9f29-2aa3e43fecfe,Topcoder O/R F2F - Winners are showing wrong in OR compared to the challenge details,challenge_data_challengeData_2023-01-01_2023-01-31_page1.json,/Users/karanallagh/Desktop/DataCollector/challenge_data/challengeData_2023-01-01_2023-01-31/page1.json,skipped_non_coding_task,,metadata_only
051e70ad-a32b-40fc-86c8-fe55b67fd611,72 Hours Topcoder Review App Challenge Review Edit Page Integration,challenge_data_challengeData_2025-06-01_2025-10-08_page2.json,/Users/karanallagh/Desktop/DataCollector/challenge_data/challengeData_2025-06-01_2025-10-08/page2.json,failed_tests,synthesized,partial_synthesized_tests
06525af6-cea6-40f0-9d8a-95c750cd9f45,Topcoder Identity Service: fix authentication issue,challenge_data_challengeData_2025-06-01_2025-10-08_page2.json,/Users/karanallagh/Desktop/DataCollector/challenge_data/challengeData_2025-06-01_2025-10-08/page2.json,skipped_non_coding_task,,metadata_only
08f5d5b4-7f6a-46d0-a5cf-4f5bb78b7cb1,Cognitive Audio Challenge Gamma Theta Frequency Infusion,challenge_data_challengeData_2025-06-01_2025-10-08_page3.json,/Users/karanallagh/Desktop/DataCollector/challenge_data/challengeData_2025-06-01_2025-10-08/page3.json,failed_tests,synthesized,partial_synthesized_tests
0ab3daf4-5ea4-4210-a224-7739ff23bfb5,Topcoder Rating Processor - Integrated with existing schema,challenge_data_challengeData_2025-06-01_2025-10-08_page2.json,/Users/karanallagh/Desktop/DataCollector/challenge_data/challengeData_2025-06-01_2025-10-08/page2.json,skipped_non_coding_task,,metadata_only
0ac19268-4459-46e0-8285-916072ccae0e,[72HR] Topcoder Admin App - Add Non-MM Submission Management,challenge_data_challengeData_2025-06-01_2025-10-08_page2.json,/Users/karanallagh/Desktop/DataCollector/challenge_data/challengeData_2025-06-01_2025-10-08/page2.json,skipped_non_coding_task,,metadata_only
0c406e64-e1db-422b-ac9a-cdcf7523320f,Topcoder Admin App - Consolidate Skills Manager,challenge_data_challengeData_2025-06-01_2025-10-08_page1.json,/Users/karanallagh/Desktop/DataCollector/challenge_data/challengeData_2025-06-01_2025-10-08/page1.json,skipped_non_coding_task,,metadata_only
0c490c53-e00c-41d0-a9c6-dd0ac701395e,Topcoder NestJS Autopilot  Phase Transition Logic Optimization,challenge_data_challengeData_2025-06-01_2025-10-08_page3.json,/Users/karanallagh/Desktop/DataCollector/challenge_data/challengeData_2025-06-01_2025-10-08/page3.json,skipped_non_coding_task,,metadata_only
0c9d344e-6452-4d0c-a474-34d203f04f6c,Topcoder Community App - Support LaTex formulas in Markdown rendering,challenge_data_challengeData_2023-01-01_2023-01-02_page1.json,/Users/karanallagh/Desktop/DataCollector/challenge_data/challengeData_2023-01-01_2023-01-02/page1.json,skipped_non_coding_task,,metadata_only
0d1aa466-da5c-4b48-b6cf-a8059cf35d6b,Topcoder O/R F2F - UI issue in the Submit response button (Data science),challenge_data_challengeData_2023-01-01_2023-01-31_page2.json,/Users/karanallagh/Desktop/DataCollector/challenge_data/challengeData_2023-01-01_2023-01-31/page2.json,skipped_non_coding_task,,metadata_only
0f4b0303-8153-40d0-912a-77202ed0326b,MS Teams AI Agent Tab App with MCP Gateway Integration,challenge_data_challengeData_2025-06-01_2025-10-08_page3.json,/Users/karanallagh/Desktop/DataCollector/challenge_data/challengeData_2025-06-01_2025-10-08/page3.json,failed_tests,synthesized,partial_synthesized_tests
0ffec836-a2b8-4e52-9b08-b0007bd88b82,Topcoder Ratings Processor - Rebuild with Postgres Part 1,challenge_data_challengeData_2025-06-01_2025-10-08_page1.json,/Users/karanallagh/Desktop/DataCollector/challenge_data/challengeData_2025-06-01_2025-10-08/page1.json,skipped_non_coding_task,,metadata_only
10f01117-9661-4868-bf96-d0457dac10e0,Topcoder Community App - Universal Nav - Sub page configuration,challenge_data_challengeData_2023-01-01_2023-01-31_page1.json,/Users/karanallagh/Desktop/DataCollector/challenge_data/challengeData_2023-01-01_2023-01-31/page1.json,skipped_non_coding_task,,metadata_only
11408887-1418-46b6-8d1b-5656d1f7b0ec,Topcoder Review API - Legacy Submissions Data Import for Submissions API Migration,challenge_data_challengeData_2025-06-01_2025-10-08_page1.json,/Users/karanallagh/Desktop/DataCollector/challenge_data/challengeData_2025-06-01_2025-10-08/page1.json,skipped_non_coding_task,,metadata_only
146b2d34-49f8-4d5e-a393-5888b1f56852,Removed Cognitive Audio Challenge Gamma  Theta Frequency Infusion,challenge_data_challengeData_2025-06-01_2025-10-08_page3.json,/Users/karanallagh/Desktop/DataCollector/challenge_data/challengeData_2025-06-01_2025-10-08/page3.json,failed_tests,synthesized,partial_synthesized_tests
155973f9-8d1b-41d2-b55f-7e7950552118,Developer Opportunity for FICO Falcon Engineer,challenge_data_challengeData_2025-06-01_2025-10-08_page2.json,/Users/karanallagh/Desktop/DataCollector/challenge_data/challengeData_2025-06-01_2025-10-08/page2.json,skipped_non_coding_task,,metadata_only
156b30ad-dd11-4183-9626-a0daed357c57,Topcoder O/R F2F - Overlap Back to Home button,challenge_data_challengeData_2023-01-01_2023-01-31_page2.json,/Users/karanallagh/Desktop/DataCollector/challenge_data/challengeData_2023-01-01_2023-01-31/page2.json,failed_tests,synthesized,partial_synthesized_tests
16655ff7-f1ca-4466-bd44-6e74f5f79a3f,Topcoder O/R F2F - Yes/No dropdown not appearing in scorecard,challenge_data_challengeData_2023-01-01_2023-01-31_page1.json,/Users/karanallagh/Desktop/DataCollector/challenge_data/challengeData_2023-01-01_2023-01-31/page1.json,skipped_non_coding_task,,metadata_only
181e5a18-8f46-4366-9aa7-4550a25adceb,Learn AI Build and Deploy an AI Agent with Topcoder MCP on Hugging Face,challenge_data_challengeData_2025-06-01_2025-10-08_page2.json,/Users/karanallagh/Desktop/DataCollector/challenge_data/challengeData_2025-06-01_2025-10-08/page2.json,failed_tests,statement,partial_statement_tests
1acf18a6-af38-4583-9c37-d2fc18d23fa1,[72HR] Topcoder Admin App - Add Terms Management,challenge_data_challengeData_2025-06-01_2025-10-08_page1.json,/Users/karanallagh/Desktop/DataCollector/challenge_data/challengeData_2025-06-01_2025-10-08/page1.json,skipped_non_coding_task,,metadata_only
1ef1e3e9-30d9-4c36-b35f-ebede0ac438d,"[GIG] Azure Integration Tech Lead –  Melbourne, Australia",challenge_data_challengeData_2025-06-01_2025-10-08_page1.json,/Users/karanallagh/Desktop/DataCollector/challenge_data/challengeData_2025-06-01_2025-10-08/page1.json,skipped_failed_synthesis,,metadata_only
1fef7b83-83ce-4eb2-a824-66f173d11b8c,ePost RX Modernisation - Fix all failed test case and improve the coverage Part 1,challenge_data_challengeData_2023-01-01_2023-01-31_page2.json,/Users/karanallagh/Desktop/DataCollector/challenge_data/challengeData_2023-01-01_2023-01-31/page2.json,skipped_non_coding_task,,metadata_only
209e1aa5-8062-4ca9-888d-11ae6e22d896,Topcoder Identity Service: feature improvements,challenge_data_challengeData_2025-06-01_2025-10-08_page2.json,/Users/karanallagh/Desktop/DataCollector/challenge_data/challengeData_2025-06-01_2025-10-08/page2.json,skipped_non_coding_task,,metadata_only
213076fc-8cb4-466c-aa38-6234146c878f,Fix Signature Handling in Outlook Add-in,challenge_data_challengeData_2025-06-01_2025-10-08_page1.json,/Users/karanallagh/Desktop/DataCollector/challenge_data/challengeData_2025-06-01_2025-10-08/page1.json,failed_tests,synthesized,partial_synthesized_tests
2362226c-ab72-4c46-819a-37d09f9fbf16,Topcoder Work Manager - Fix submission phase display on 2 round challenge,challenge_data_challengeData_2023-01-01_2023-01-31_page1.json,/Users/karanallagh/Desktop/DataCollector/challenge_data/challengeData_2023-01-01_2023-01-31/page1.json,skipped_non_coding_task,,metadata_only
28238fd9-139a-48fc-a6c7-639c7ca359b3,Topcoder Challenge API: fix issues found in Test Cases,challenge_data_challengeData_2025-06-01_2025-10-08_page1.json,/Users/karanallagh/Desktop/DataCollector/challenge_data/challengeData_2025-06-01_2025-10-08/page1.json,skipped_non_coding_task,,metadata_only
29f79b9f-32ef-43e5-8298-1028dfbf1136,Topcoder Identity Service Tests Improvement Part 1,challenge_data_challengeData_2025-06-01_2025-10-08_page2.json,/Users/karanallagh/Desktop/DataCollector/challenge_data/challengeData_2025-06-01_2025-10-08/page2.json,skipped_non_coding_task,,metadata_only
2b766b96-1f1e-40cd-8ecb-37d23adc6e9b,Phase 2 Guided AI Onboarding Wizard for Innovation Challenges,challenge_data_challengeData_2025-06-01_2025-10-08_page2.json,/Users/karanallagh/Desktop/DataCollector/challenge_data/challengeData_2025-06-01_2025-10-08/page2.json,skipped_non_coding_task,,metadata_only
2c73511d-5677-4ded-9d1c-089102bacb87,Topcoder O/R F2F - Uploaded document(by the reviewer while reviewing from scorecard) is not available to download,challenge_data_challengeData_2023-01-01_2023-01-31_page1.json,/Users/karanallagh/Desktop/DataCollector/challenge_data/challengeData_2023-01-01_2023-01-31/page1.json,skipped_non_coding_task,,metadata_only
2cbe1522-3e85-4106-a48d-e6ac1473d74a,Hypercare Task 2,challenge_data_challengeData_2023-01-01_2023-01-31_page1.json,/Users/karanallagh/Desktop/DataCollector/challenge_data/challengeData_2023-01-01_2023-01-31/page1.json,skipped_non_coding_task,,metadata_only
2fc6eb5b-8aae-45c0-af9d-f40efe22ab55,test f2f challenge,challenge_data_challengeData_2025-06-01_2025-10-08_page3.json,/Users/karanallagh/Desktop/DataCollector/challenge_data/challengeData_2025-06-01_2025-10-08/page3.json,skipped_non_coding_task,,metadata_only
30376982,Phase 1: AI Agent for Innovation: From Idea to Live Challenge,challenge_data_demoData.json,/Users/karanallagh/Desktop/DataCollector/challenge_data/demoData.json,skipped_failed_synthesis,,metadata_only
30376988,Topcoder Admin App - Misc Update 0601,challenge_data_demoData.json,/Users/karanallagh/Desktop/DataCollector/challenge_data/demoData.json,skipped_non_coding_task,,metadata_only
30377002,Topcoder Challenge API: fix issues in Test Cases,challenge_data_demoData.json,/Users/karanallagh/Desktop/DataCollector/challenge_data/demoData.json,skipped_non_coding_task,,metadata_only
30377012,Topcoder Challenge API: fix issues found in Test Cases,challenge_data_demoData.json,/Users/karanallagh/Desktop/DataCollector/challenge_data/demoData.json,skipped_non_coding_task,,metadata_only
30377016,Topcoder Review API - Design Prisma Schema & OpenAPI Spec for Submissions API Migration,challenge_data_demoData.json,/Users/karanallagh/Desktop/DataCollector/challenge_data/demoData.json,skipped_non_coding_task,,metadata_only
30377017,[72hr] TopCoder Member API: Prisma Schema Update,challenge_data_demoData.json,/Users/karanallagh/Desktop/DataCollector/challenge_data/demoData.json,skipped_non_coding_task,,metadata_only
30377032,Topcoder Review App - API Integration Part 1,challenge_data_demoData.json,/Users/karanallagh/Desktop/DataCollector/challenge_data/demoData.json,skipped_non_coding_task,,metadata_only
30377049,Topcoder Online Review - Manual payments not saving,challenge_data_demoData.json,/Users/karanallagh/Desktop/DataCollector/challenge_data/demoData.json,skipped_non_coding_task,,metadata_only
30377050,Topcoder Admin App - Misc Update 0610,challenge_data_demoData.json,/Users/karanallagh/Desktop/DataCollector/challenge_data/demoData.json,skipped_non_coding_task,,metadata_only
30377066,Fix Signature Handling in Outlook Add-in,challenge_data_demoData.json,/Users/karanallagh/Desktop/DataCollector/challenge_data/demoData.json,failed_tests,synthesized,partial_synthesized_tests
30377067,Topcoder Identity Service: updating AuthorizationResource with TypeScript and Postgres,challenge_data_demoData.json,/Users/karanallagh/Desktop/DataCollector/challenge_data/demoData.json,skipped_non_coding_task,,metadata_only
30377068,Topcoder Gig Work – SAP Commerce (Hybris) Developer,challenge_data_demoData.json,/Users/karanallagh/Desktop/DataCollector/challenge_data/demoData.json,failed_tests,synthesized,partial_synthesized_tests
30377077,"[GIG] Integration Technical Business Analyst – Melbourne, Australia",challenge_data_demoData.json,/Users/karanallagh/Desktop/DataCollector/challenge_data/demoData.json,skipped_non_coding_task,,metadata_only
30377078,Topcoder Marathon Match Scorer Rebuild POC Part 2 Relaunched,challenge_data_demoData.json,/Users/karanallagh/Desktop/DataCollector/challenge_data/demoData.json,skipped_failed_synthesis,,metadata_only
30377079,"[GIG] Azure Integration Tech Lead –  Melbourne, Australia",challenge_data_demoData.json,/Users/karanallagh/Desktop/DataCollector/challenge_data/demoData.json,skipped_failed_synthesis,,metadata_only
30377080,[GIG] Azure Cloud Engineer,challenge_data_demoData.json,/Users/karanallagh/Desktop/DataCollector/challenge_data/demoData.json,skipped_non_coding_task,,metadata_only
30377081,[GIG] Azure Integration Developer,challenge_data_demoData.json,/Users/karanallagh/Desktop/DataCollector/challenge_data/demoData.json,failed_tests,synthesized,partial_synthesized_tests
30377086,Topcoder Challenge API - Issues Fix 0613,challenge_data_demoData.json,/Users/karanallagh/Desktop/DataCollector/challenge_data/demoData.json,skipped_non_coding_task,,metadata_only
30377087,Topcoder Member API - Update Code with Postgres Schema Part 1,challenge_data_demoData.json,/Users/karanallagh/Desktop/DataCollector/challenge_data/demoData.json,skipped_non_coding_task,,metadata_only
30377091,Topcoder NestJS Autopilot: Event-Based Phase Transition Implementation,challenge_data_demoData.json,/Users/karanallagh/Desktop/DataCollector/challenge_data/demoData.json,skipped_failed_synthesis,,metadata_only
30377114,Topcoder Ratings Processor - Rebuild with Postgres Part 1,challenge_data_demoData.json,/Users/karanallagh/Desktop/DataCollector/challenge_data/demoData.json,skipped_non_coding_task,,metadata_only
30377232,INFORMIX NEW,challenge_data_demoData.json,/Users/karanallagh/Desktop/DataCollector/challenge_data/demoData.json,skipped_non_coding_task,,metadata_only
30377241,Test 19_06,challenge_data_demoData.json,/Users/karanallagh/Desktop/DataCollector/challenge_data/demoData.json,skipped_non_coding_task,,metadata_only
30377244,Topcoder Resource API - add support for memberId for resource API,challenge_data_demoData.json,/Users/karanallagh/Desktop/DataCollector/challenge_data/demoData.json,skipped_non_coding_task,,metadata_only
30377257,Topcoder Review API - Implement Configurable PostgreSQL Schema,challenge_data_demoData.json,/Users/karanallagh/Desktop/DataCollector/challenge_data/demoData.json,failed_tests,synthesized,partial_synthesized_tests
30377258,Topcoder Review API - Fix Identified Issues,challenge_data_demoData.json,/Users/karanallagh/Desktop/DataCollector/challenge_data/demoData.json,failed_tests,synthesized,partial_synthesized_tests
30377259,Topcoder Review API - Challenge and Resource API Integration,challenge_data_demoData.json,/Users/karanallagh/Desktop/DataCollector/challenge_data/demoData.json,skipped_non_coding_task,,metadata_only
30377260,Topcoder Admin App - Consolidate Skills Manager,challenge_data_demoData.json,/Users/karanallagh/Desktop/DataCollector/challenge_data/demoData.json,skipped_non_coding_task,,metadata_only
30377261,Topcoder Admin App - Consolidate Gamification,challenge_data_demoData.json,/Users/karanallagh/Desktop/DataCollector/challenge_data/demoData.json,skipped_non_coding_task,,metadata_only
30377262,Topcoder Member API - Update Code with Postgres Schema Part 2,challenge_data_demoData.json,/Users/karanallagh/Desktop/DataCollector/challenge_data/demoData.json,skipped_non_coding_task,,metadata_only
30377270,Topcoder Admin App - Add SSOLogin to User Management,challenge_data_demoData.json,/Users/karanallagh/Desktop/DataCollector/challenge_data/demoData.json,skipped_non_coding_task,,metadata_only
30377279,Test challenge 26_06,challenge_data_demoData.json,/Users/karanallagh/Desktop/DataCollector/challenge_data/demoData.json,skipped_non_coding_task,,metadata_only
30377289,Topcoder Member Profile Processor - Rebuild with Postgres,challenge_data_demoData.json,/Users/karanallagh/Desktop/DataCollector/challenge_data/demoData.json,skipped_non_coding_task,,metadata_only
30377290,"Native Language Specialists – Japanese, Korean, and French (3-Month GIG Contract)",challenge_data_demoData.json,/Users/karanallagh/Desktop/DataCollector/challenge_data/demoData.json,skipped_non_coding_task,,metadata_only
30377296,Topcoder Identity Service: features improvement and issues fix,challenge_data_demoData.json,/Users/karanallagh/Desktop/DataCollector/challenge_data/demoData.json,skipped_failed_synthesis,,metadata_only
30377320,Topcoder Platform - V6 Groups API implementation,challenge_data_demoData.json,/Users/karanallagh/Desktop/DataCollector/challenge_data/demoData.json,skipped_failed_synthesis,,metadata_only
30377329,72 Hours!! - Topcoder Review App - API Integration for My Active Challenge Page,challenge_data_demoData.json,/Users/karanallagh/Desktop/DataCollector/challenge_data/demoData.json,skipped_non_coding_task,,metadata_only
30377330,Test Draft CH,challenge_data_demoData.json,/Users/karanallagh/Desktop/DataCollector/challenge_data/demoData.json,skipped_non_coding_task,,metadata_only
30377331,Topcoder Review API - Legacy Submissions Data Import for Submissions API Migration,challenge_data_demoData.json,/Users/karanallagh/Desktop/DataCollector/challenge_data/demoData.json,skipped_non_coding_task,,metadata_only
30377360,[72HR] Topcoder Admin App - Add Terms Management,challenge_data_demoData.json,/Users/karanallagh/Desktop/DataCollector/challenge_data/demoData.json,skipped_non_coding_task,,metadata_only
30377370,Informix Testing 6th July,challenge_data_demoData.json,/Users/karanallagh/Desktop/DataCollector/challenge_data/demoData.json,skipped_non_coding_task,,metadata_only
30377371,Informix Testing 6th July New,challenge_data_demoData.json,/Users/karanallagh/Desktop/DataCollector/challenge_data/demoData.json,skipped_non_coding_task,,metadata_only
305e0763-dd63-4883-9133-55504503953d,Hard | Topcoder Skill Builder Competition | ReactJS  | Annotations,challenge_data_challengeData_2023-01-01_2023-01-31_page1.json,/Users/karanallagh/Desktop/DataCollector/challenge_data/challengeData_2023-01-01_2023-01-31/page1.json,failed_tests,synthesized,partial_synthesized_tests
326139c2-ea1f-41da-ad84-5b9543198271,Topcoder Gig Work – SAP Commerce (Hybris) Developer,challenge_data_challengeData_2025-06-01_2025-10-08_page1.json,/Users/karanallagh/Desktop/DataCollector/challenge_data/challengeData_2025-06-01_2025-10-08/page1.json,failed_tests,synthesized,partial_synthesized_tests
329f27bd-9176-4b7b-8d2a-e1996c60db09,Topcoder Member API - Update Code with Postgres Schema Part 2,challenge_data_challengeData_2025-06-01_2025-10-08_page1.json,/Users/karanallagh/Desktop/DataCollector/challenge_data/challengeData_2025-06-01_2025-10-08/page1.json,skipped_non_coding_task,,metadata_only
33826bed-396d-43dc-8f0f-353e6a7baf4e,Senior DevOps Engineer – Multi-Cloud Infrastructure Automation (Azure + AWS),challenge_data_challengeData_2025-06-01_2025-10-08_page2.json,/Users/karanallagh/Desktop/DataCollector/challenge_data/challengeData_2025-06-01_2025-10-08/page2.json,skipped_failed_synthesis,,metadata_only
3429059f-7f1e-42d2-8d21-836fae3cf949,Review API v6  UserRole Simplification,challenge_data_challengeData_2025-06-01_2025-10-08_page3.json,/Users/karanallagh/Desktop/DataCollector/challenge_data/challengeData_2025-06-01_2025-10-08/page3.json,failed_tests,synthesized,partial_synthesized_tests
355a5497-71c3-4e3a-b200-f53d62564667,Learn AI – Build and Deploy an AI Agent with Topcoder MCP on Hugging Face,challenge_data_challengeData_2025-06-01_2025-10-08_page2.json,/Users/karanallagh/Desktop/DataCollector/challenge_data/challengeData_2025-06-01_2025-10-08/page2.json,failed_tests,statement,partial_statement_tests
35b1db6f-7daf-4cc7-819b-de6a777639bb,Projects API v6  Project Members Invites and Email,challenge_data_challengeData_2025-06-01_2025-10-08_page3.json,/Users/karanallagh/Desktop/DataCollector/challenge_data/challengeData_2025-06-01_2025-10-08/page3.json,failed_tests,synthesized,partial_synthesized_tests
36e5bd56-52ae-4742-9c03-c7b6492b7d53,Topcoder Admin App Add API button to challenge records,challenge_data_challengeData_2025-06-01_2025-10-08_page3.json,/Users/karanallagh/Desktop/DataCollector/challenge_data/challengeData_2025-06-01_2025-10-08/page3.json,skipped_non_coding_task,,metadata_only
37515489-2139-4996-9fe6-4ed09ce637be,test chlng,challenge_data_challengeData_2025-06-01_2025-10-08_page3.json,/Users/karanallagh/Desktop/DataCollector/challenge_data/challengeData_2025-06-01_2025-10-08/page3.json,skipped_non_coding_task,,metadata_only
37a2f287-5ec5-4066-a316-46677030bf45,Topcoder O/R F2F - UI issues with deleted submissions,challenge_data_challengeData_2023-01-01_2023-01-31_page1.json,/Users/karanallagh/Desktop/DataCollector/challenge_data/challengeData_2023-01-01_2023-01-31/page1.json,skipped_non_coding_task,,metadata_only
3a891b85-ad6c-454b-983c-30a3e4ab61a5,"Topcoder Work Manager - Change ""Success"" popup",challenge_data_challengeData_2023-01-01_2023-01-31_page1.json,/Users/karanallagh/Desktop/DataCollector/challenge_data/challengeData_2023-01-01_2023-01-31/page1.json,skipped_non_coding_task,,metadata_only
3cded57a-b863-4804-8d4d-21747cc9d996,Topcoder Community App - Uni nav doesn't load on Community App the first time,challenge_data_challengeData_2023-01-01_2023-01-31_page1.json,/Users/karanallagh/Desktop/DataCollector/challenge_data/challengeData_2023-01-01_2023-01-31/page1.json,skipped_non_coding_task,,metadata_only
3ebd01d4-e53e-4e2b-9240-7834cedad79b,Review API v6 JWT Service Refactor  Use tccorelibraryjs,challenge_data_challengeData_2025-06-01_2025-10-08_page3.json,/Users/karanallagh/Desktop/DataCollector/challenge_data/challengeData_2025-06-01_2025-10-08/page3.json,skipped_failed_synthesis,,metadata_only
3f1b97ff-4c7e-48e9-a878-e179c630e018,"Topcoder Community App - Universal Nav: Different ""type"" for /thrive path",challenge_data_challengeData_2023-01-01_2023-01-31_page1.json,/Users/karanallagh/Desktop/DataCollector/challenge_data/challengeData_2023-01-01_2023-01-31/page1.json,skipped_non_coding_task,,metadata_only
408a375f-ce88-4fc1-b6a2-d67595fa50bf,Development Opportunity for AI Engineers Location Restricted,challenge_data_challengeData_2025-06-01_2025-10-08_page3.json,/Users/karanallagh/Desktop/DataCollector/challenge_data/challengeData_2025-06-01_2025-10-08/page3.json,failed_tests,synthesized,partial_synthesized_tests
409e33c1-aab0-492e-b636-71b56b90aaf5,Projects API v6  Attachments and Billing Account,challenge_data_challengeData_2025-06-01_2025-10-08_page3.json,/Users/karanallagh/Desktop/DataCollector/challenge_data/challengeData_2025-06-01_2025-10-08/page3.json,skipped_failed_synthesis,,metadata_only
41831165-c026-4f33-b273-ee8a3f5e28eb,Topcoder O/R F2F - Edit Late Deliverables is not reskinned,challenge_data_challengeData_2023-01-01_2023-01-31_page1.json,/Users/karanallagh/Desktop/DataCollector/challenge_data/challengeData_2023-01-01_2023-01-31/page1.json,skipped_non_coding_task,,metadata_only
42460057-3735-4a87-9300-e22965ae6d78,Topcoder Work Manager - Universal Nav header / footer - Content Security Policy problem,challenge_data_challengeData_2023-01-01_2023-01-31_page1.json,/Users/karanallagh/Desktop/DataCollector/challenge_data/challengeData_2023-01-01_2023-01-31/page1.json,skipped_non_coding_task,,metadata_only
431aad17-75b3-4d5b-a190-1fec2f7eb4fd,test challenge 26 Sep 25,challenge_data_challengeData_2025-06-01_2025-10-08_page3.json,/Users/karanallagh/Desktop/DataCollector/challenge_data/challengeData_2025-06-01_2025-10-08/page3.json,skipped_non_coding_task,,metadata_only
4320dc50-af78-47d8-bdbf-f6864302174b,Topcoder NestJS Autopilot - Event-Based Phase Transition Fixes,challenge_data_challengeData_2025-06-01_2025-10-08_page2.json,/Users/karanallagh/Desktop/DataCollector/challenge_data/challengeData_2025-06-01_2025-10-08/page2.json,skipped_non_coding_task,,metadata_only
44b93939-2622-4429-b8b1-3d9518f84680,Topcoder Review App - API Integration Part 1,challenge_data_challengeData_2025-06-01_2025-10-08_page1.json,/Users/karanallagh/Desktop/DataCollector/challenge_data/challengeData_2025-06-01_2025-10-08/page1.json,skipped_non_coding_task,,metadata_only
47cb585f-afb1-4bfe-aff8-946636d03122,Reporting Application - Thymeleaf Based HTML Email Templates,challenge_data_challengeData_2023-01-01_2023-01-31_page1.json,/Users/karanallagh/Desktop/DataCollector/challenge_data/challengeData_2023-01-01_2023-01-31/page1.json,skipped_non_coding_task,,metadata_only
4817666d-dcbe-4c62-9e32-56ade2b59b63,Topcoder Review API - Design Prisma Schema & OpenAPI Spec for Submissions API Migration,challenge_data_challengeData_2025-06-01_2025-10-08_page1.json,/Users/karanallagh/Desktop/DataCollector/challenge_data/challengeData_2025-06-01_2025-10-08/page1.json,skipped_non_coding_task,,metadata_only
4ecc36e0-b1d5-4d9d-81dd-616ad6fbdd8d,96 Hours Topcoder Identity Service Fixing issues found in UserController,challenge_data_challengeData_2025-06-01_2025-10-08_page3.json,/Users/karanallagh/Desktop/DataCollector/challenge_data/challengeData_2025-06-01_2025-10-08/page3.json,skipped_non_coding_task,,metadata_only
4fea455b-76f7-4e66-80a6-98b667d98670,Topcoder O/R F2F - Members cannot download submissions anymore,challenge_data_challengeData_2023-01-01_2023-01-31_page1.json,/Users/karanallagh/Desktop/DataCollector/challenge_data/challengeData_2023-01-01_2023-01-31/page1.json,skipped_non_coding_task,,metadata_only
501af155-2bf6-4b6a-ab17-6ae4c0387ea8,Topcoder NestJS Autopilot  Kafka Schema Registry Removal,challenge_data_challengeData_2025-06-01_2025-10-08_page2.json,/Users/karanallagh/Desktop/DataCollector/challenge_data/challengeData_2025-06-01_2025-10-08/page2.json,skipped_non_coding_task,,metadata_only
5106409f-dda2-4b37-9779-17baa294783b,KT Task 1,challenge_data_challengeData_2023-01-01_2023-01-31_page2.json,/Users/karanallagh/Desktop/DataCollector/challenge_data/challengeData_2023-01-01_2023-01-31/page2.json,skipped_non_coding_task,,metadata_only
54df4e6d-43c5-44da-8f4a-e4ee94c5ed1b,Gamma Theta Frequency Infusion Visualization Scoring UI Challenge,challenge_data_challengeData_2025-06-01_2025-10-08_page3.json,/Users/karanallagh/Desktop/DataCollector/challenge_data/challengeData_2025-06-01_2025-10-08/page3.json,failed_tests,synthesized,partial_synthesized_tests
558999e4-323e-4867-81b1-e989c4028a09,Topcoder Online Review - UI Issue in the edit project links page,challenge_data_challengeData_2023-01-01_2023-01-31_page1.json,/Users/karanallagh/Desktop/DataCollector/challenge_data/challengeData_2023-01-01_2023-01-31/page1.json,skipped_non_coding_task,,metadata_only
56b3df85-e4f4-40ab-a975-2a9e6810866e,Topcoder Review API - Challenge and Resource API Integration,challenge_data_challengeData_2025-06-01_2025-10-08_page1.json,/Users/karanallagh/Desktop/DataCollector/challenge_data/challengeData_2025-06-01_2025-10-08/page1.json,skipped_non_coding_task,,metadata_only
56dd2d4f-981a-47e6-87f7-ea81cb93e7b5,Topcoder Review API - GitHub Webhook Integration,challenge_data_challengeData_2025-06-01_2025-10-08_page2.json,/Users/karanallagh/Desktop/DataCollector/challenge_data/challengeData_2025-06-01_2025-10-08/page2.json,skipped_non_coding_task,,metadata_only
5a953c7c-482a-4643-aad1-f7a093da7fb9,Topcoder O/R F2F - Submit Score TextArea in Firefox,challenge_data_challengeData_2023-01-01_2023-01-31_page1.json,/Users/karanallagh/Desktop/DataCollector/challenge_data/challengeData_2023-01-01_2023-01-31/page1.json,skipped_non_coding_task,,metadata_only
5bdc4e5f-4ea0-402e-ab20-f6cfd1a49a72,Topcoder O/R F2F - How to check the payment sent status,challenge_data_challengeData_2023-01-01_2023-01-31_page1.json,/Users/karanallagh/Desktop/DataCollector/challenge_data/challengeData_2023-01-01_2023-01-31/page1.json,skipped_non_coding_task,,metadata_only
5f695f88-8075-4e83-8727-100bf12c516e,Topcoder Identity Service fixing login response issue and roles response issue,challenge_data_challengeData_2025-06-01_2025-10-08_page2.json,/Users/karanallagh/Desktop/DataCollector/challenge_data/challengeData_2025-06-01_2025-10-08/page2.json,skipped_non_coding_task,,metadata_only
60ae100e-81a4-4667-990a-83d23bd6e4df,Test challenge 26_06,challenge_data_challengeData_2025-06-01_2025-10-08_page1.json,/Users/karanallagh/Desktop/DataCollector/challenge_data/challengeData_2025-06-01_2025-10-08/page1.json,skipped_non_coding_task,,metadata_only
61a28e31-f4fa-4302-b565-a104fd833dd0,TopCoder Lookups API- Fix Review Issues,challenge_data_challengeData_2025-06-01_2025-10-08_page2.json,/Users/karanallagh/Desktop/DataCollector/challenge_data/challengeData_2025-06-01_2025-10-08/page2.json,failed_tests,synthesized,partial_synthesized_tests
63966897-0b67-433c-831a-81170f44e0db,72 hours  Topcoder NestJS Autopilot Review Opportunity Management,challenge_data_challengeData_2025-06-01_2025-10-08_page3.json,/Users/karanallagh/Desktop/DataCollector/challenge_data/challengeData_2025-06-01_2025-10-08/page3.json,skipped_non_coding_task,,metadata_only
64e614a1-830c-4145-ac1a-eb688f85c2bc,"Topcoder Community App - Apply universal navigation to ""My Profile"" page",challenge_data_challengeData_2023-01-01_2023-01-31_page1.json,/Users/karanallagh/Desktop/DataCollector/challenge_data/challengeData_2023-01-01_2023-01-31/page1.json,skipped_non_coding_task,,metadata_only
64fb1a44-804d-4187-b983-f528b564e7ce,Topcoder Member API - Add in stats and history endpoints,challenge_data_challengeData_2025-06-01_2025-10-08_page2.json,/Users/karanallagh/Desktop/DataCollector/challenge_data/challengeData_2025-06-01_2025-10-08/page2.json,skipped_non_coding_task,,metadata_only
656b1948-2bd9-41e8-826e-39834eafb888,72 Hours Topcoder Challenge API  Adding ChallengePhase Endpoints,challenge_data_challengeData_2025-06-01_2025-10-08_page3.json,/Users/karanallagh/Desktop/DataCollector/challenge_data/challengeData_2025-06-01_2025-10-08/page3.json,skipped_failed_synthesis,,metadata_only
65b7f3c8-06a6-422b-92d9-6353fa5c3a2d,72 Hours!! - Topcoder Review App - API Integration for My Active Challenge Page,challenge_data_challengeData_2025-06-01_2025-10-08_page1.json,/Users/karanallagh/Desktop/DataCollector/challenge_data/challengeData_2025-06-01_2025-10-08/page1.json,skipped_non_coding_task,,metadata_only
694f790b-9a05-494a-a679-212983382fba,Message Center - QA and bug fixes,challenge_data_challengeData_2025-06-01_2025-10-08_page2.json,/Users/karanallagh/Desktop/DataCollector/challenge_data/challengeData_2025-06-01_2025-10-08/page2.json,skipped_non_coding_task,,metadata_only
699e4360-7065-4875-bdb5-5ec6be5f6d90,Topcoder Admin App - Consolidate Gamification,challenge_data_challengeData_2025-06-01_2025-10-08_page1.json,/Users/karanallagh/Desktop/DataCollector/challenge_data/challengeData_2025-06-01_2025-10-08/page1.json,skipped_non_coding_task,,metadata_only
69b2e885-4807-447c-af53-3c758b51fa87,Topcoder O/R F2F - New Nav Footer overlap with buttons,challenge_data_challengeData_2023-01-01_2023-01-31_page1.json,/Users/karanallagh/Desktop/DataCollector/challenge_data/challengeData_2023-01-01_2023-01-31/page1.json,skipped_non_coding_task,,metadata_only
6a707d6e-c768-480e-ab9e-b096ea9c49c3,AI Aided Asset Versioning Platform Architecture,challenge_data_challengeData_2025-06-01_2025-10-08_page2.json,/Users/karanallagh/Desktop/DataCollector/challenge_data/challengeData_2025-06-01_2025-10-08/page2.json,failed_tests,synthesized,partial_synthesized_tests
70ea3d72-66a5-432d-a410-7202da79b00e,Topcoder Community App - Universal nav header / footer missing on challenge details pages,challenge_data_challengeData_2023-01-01_2023-01-31_page1.json,/Users/karanallagh/Desktop/DataCollector/challenge_data/challengeData_2023-01-01_2023-01-31/page1.json,skipped_non_coding_task,,metadata_only
711c2ba8-95ce-4e89-bf28-fd389d7f6447,Topcoder Marathon Match Scorer Rebuild POC Part 2 Relaunched,challenge_data_challengeData_2025-06-01_2025-10-08_page1.json,/Users/karanallagh/Desktop/DataCollector/challenge_data/challengeData_2025-06-01_2025-10-08/page1.json,skipped_failed_synthesis,,metadata_only
723e2183-4a58-406b-8a4a-900826d8fbe4,Topcoder NestJS Autopilot - Challenge API Integration,challenge_data_challengeData_2025-06-01_2025-10-08_page2.json,/Users/karanallagh/Desktop/DataCollector/challenge_data/challengeData_2025-06-01_2025-10-08/page2.json,failed_tests,synthesized,partial_synthesized_tests
7243c1f2-ecd9-45f4-83af-9e1ce9fe5fec,Update HuggingFace MCP Integration for Topcoder Intelligence Assistant,challenge_data_challengeData_2025-06-01_2025-10-08_page3.json,/Users/karanallagh/Desktop/DataCollector/challenge_data/challengeData_2025-06-01_2025-10-08/page3.json,skipped_non_coding_task,,metadata_only
73d5b29a-3bef-4979-863c-80d0bae43e56,Topcoder Review API - Implement Configurable PostgreSQL Schema,challenge_data_challengeData_2025-06-01_2025-10-08_page1.json,/Users/karanallagh/Desktop/DataCollector/challenge_data/challengeData_2025-06-01_2025-10-08/page1.json,failed_tests,synthesized,partial_synthesized_tests
73d5e42b-91c5-4ab5-9e9b-eb3f3d5c7075,Topcoder Identity Service implementing IdentityProviderResource,challenge_data_challengeData_2025-06-01_2025-10-08_page3.json,/Users/karanallagh/Desktop/DataCollector/challenge_data/challengeData_2025-06-01_2025-10-08/page3.json,skipped_non_coding_task,,metadata_only
73daecb3-b1d9-459f-830f-0f5af06993dc,[72hr] TopCoder Member API: Prisma Schema Update,challenge_data_challengeData_2025-06-01_2025-10-08_page1.json,/Users/karanallagh/Desktop/DataCollector/challenge_data/challengeData_2025-06-01_2025-10-08/page1.json,skipped_non_coding_task,,metadata_only
743c9ef3-6dda-4dcd-9f43-0874001d0502,"Topcoder Community App - ""View More Challenges"" when logged out",challenge_data_challengeData_2023-01-01_2023-01-31_page1.json,/Users/karanallagh/Desktop/DataCollector/challenge_data/challengeData_2023-01-01_2023-01-31/page1.json,skipped_non_coding_task,,metadata_only
755e5e35-17a1-4a26-9a07-ac733f612954,Topcoder Online Review - Manual payments not saving,challenge_data_challengeData_2025-06-01_2025-10-08_page1.json,/Users/karanallagh/Desktop/DataCollector/challenge_data/challengeData_2025-06-01_2025-10-08/page1.json,skipped_non_coding_task,,metadata_only
7630d39a-0fbd-485a-b7a7-0662c88c57e4,Topcoder Member Profile Processor - Rebuild with Postgres,challenge_data_challengeData_2025-06-01_2025-10-08_page1.json,/Users/karanallagh/Desktop/DataCollector/challenge_data/challengeData_2025-06-01_2025-10-08/page1.json,skipped_non_coding_task,,metadata_only
774f1c4d-0ca0-4de2-ae8b-87882784f2c5,Topcoder O/R F2F - Save for later button submits the review score,challenge_data_challengeData_2023-01-01_2023-01-31_page1.json,/Users/karanallagh/Desktop/DataCollector/challenge_data/challengeData_2023-01-01_2023-01-31/page1.json,skipped_non_coding_task,,metadata_only
78b3768b-8665-48f5-90fb-3d8b728dccf6,Projects API - Schema Definition and TypeScript Skeleton,challenge_data_challengeData_2025-06-01_2025-10-08_page2.json,/Users/karanallagh/Desktop/DataCollector/challenge_data/challengeData_2025-06-01_2025-10-08/page2.json,failed_tests,synthesized,partial_synthesized_tests
7bcd00f9-9cdb-4722-bddd-80915e6d55f5,Topcoder Identity Service: features improvement and issues fix,challenge_data_challengeData_2025-06-01_2025-10-08_page1.json,/Users/karanallagh/Desktop/DataCollector/challenge_data/challengeData_2025-06-01_2025-10-08/page1.json,skipped_failed_synthesis,,metadata_only
7d9b723d-d2b0-4142-8ba2-47f885eba425,Test challenge 18_07,challenge_data_challengeData_2025-06-01_2025-10-08_page2.json,/Users/karanallagh/Desktop/DataCollector/challenge_data/challengeData_2025-06-01_2025-10-08/page2.json,skipped_non_coding_task,,metadata_only
7daca42b-c37f-477b-96db-153000825d83,Topcoder O/R F2F - Topgear Scorecard Issue,challenge_data_challengeData_2023-01-01_2023-01-31_page1.json,/Users/karanallagh/Desktop/DataCollector/challenge_data/challengeData_2023-01-01_2023-01-31/page1.json,skipped_non_coding_task,,metadata_only
7db8d519-d5c9-48b6-8c1d-d8430f7f09ee,AI Aided Asset Versioning Platform Backend Challenge Part 1,challenge_data_challengeData_2025-06-01_2025-10-08_page2.json,/Users/karanallagh/Desktop/DataCollector/challenge_data/challengeData_2025-06-01_2025-10-08/page2.json,failed_tests,synthesized,partial_synthesized_tests
7f857627-b4aa-4d37-a81d-ed674a433152,Topcoder O/R F2F - Edit Project Link Layout,challenge_data_challengeData_2023-01-01_2023-01-31_page2.json,/Users/karanallagh/Desktop/DataCollector/challenge_data/challengeData_2023-01-01_2023-01-31/page2.json,skipped_non_coding_task,,metadata_only
81aca1d1-840d-4362-8288-348cc8fd77f6,Topcoder Review API - Kafka Events Consumer Implementation,challenge_data_challengeData_2025-06-01_2025-10-08_page2.json,/Users/karanallagh/Desktop/DataCollector/challenge_data/challengeData_2025-06-01_2025-10-08/page2.json,failed_tests,synthesized,partial_synthesized_tests
8537a7b0-42b9-4eca-bfab-1e4bec24e2fc,Topcoder O/R F2F - Login as Iterative Reviewer Breaking the Challenge Details page,challenge_data_challengeData_2023-01-01_2023-01-31_page2.json,/Users/karanallagh/Desktop/DataCollector/challenge_data/challengeData_2023-01-01_2023-01-31/page2.json,skipped_non_coding_task,,metadata_only
854a7105-2e24-4084-a975-c230f8611630,TopCoder Projects API  Fix Project Member Role Validation,challenge_data_challengeData_2025-06-01_2025-10-08_page3.json,/Users/karanallagh/Desktop/DataCollector/challenge_data/challengeData_2025-06-01_2025-10-08/page3.json,skipped_non_coding_task,,metadata_only
8ce4125b-ba2c-4be9-a9a9-0a1ce1d21a97,72 Hours  Topcoder Review App  Challenge Review Edit Page Integration  Repost,challenge_data_challengeData_2025-06-01_2025-10-08_page3.json,/Users/karanallagh/Desktop/DataCollector/challenge_data/challengeData_2025-06-01_2025-10-08/page3.json,skipped_failed_synthesis,,metadata_only
8d6b260e-ba05-44a1-bbc2-5db4d53e68ec,Topcoder O/R F2F - Unable to do the checkpoint screening since the link to submit screening score is not available in checkpoint tab,challenge_data_challengeData_2023-01-01_2023-01-31_page1.json,/Users/karanallagh/Desktop/DataCollector/challenge_data/challengeData_2023-01-01_2023-01-31/page1.json,skipped_non_coding_task,,metadata_only
8da51ea0-9169-4684-b536-79dc92e6380c,72 Hours Topcoder Review App Challenge Review Details Page Integration Part 2,challenge_data_challengeData_2025-06-01_2025-10-08_page2.json,/Users/karanallagh/Desktop/DataCollector/challenge_data/challengeData_2025-06-01_2025-10-08/page2.json,skipped_non_coding_task,,metadata_only
8e4e3cd7-2711-484a-a906-130902d02f76,Topcoder O/R F2F - View Payment Status Removed from Online Review Page,challenge_data_challengeData_2023-01-01_2023-01-31_page2.json,/Users/karanallagh/Desktop/DataCollector/challenge_data/challengeData_2023-01-01_2023-01-31/page2.json,skipped_non_coding_task,,metadata_only
8f7ccbd6-ac8a-4ead-8d1c-05104f4fca4f,Phase 1: AI Agent for Innovation: From Idea to Live Challenge,challenge_data_challengeData_2025-06-01_2025-10-08_page1.json,/Users/karanallagh/Desktop/DataCollector/challenge_data/challengeData_2025-06-01_2025-10-08/page1.json,skipped_failed_synthesis,,metadata_only
913f1200-873b-4818-b801-bfe5fb082eaa,Projects API v6 – Core Projects CRUD & Listing,challenge_data_challengeData_2025-06-01_2025-10-08_page2.json,/Users/karanallagh/Desktop/DataCollector/challenge_data/challengeData_2025-06-01_2025-10-08/page2.json,skipped_non_coding_task,,metadata_only
9142a4d0-2806-4ff2-b023-a69c274daac8,Topcoder Admin App - Misc Update 0601,challenge_data_challengeData_2025-06-01_2025-10-08_page1.json,/Users/karanallagh/Desktop/DataCollector/challenge_data/challengeData_2025-06-01_2025-10-08/page1.json,skipped_non_coding_task,,metadata_only
91e34246-16b8-417d-8eb6-f7dc38c9b320,"Rapid Development Match (RDM) - Practice Round, January 2023",challenge_data_challengeData_2023-01-01_2023-01-31_page1.json,/Users/karanallagh/Desktop/DataCollector/challenge_data/challengeData_2023-01-01_2023-01-31/page1.json,failed_tests,statement,partial_statement_tests
92515220-cce4-4bfb-9def-a941e03e148a,Topcoder Community App - Apply universal navigation to account settings page,challenge_data_challengeData_2023-01-01_2023-01-31_page1.json,/Users/karanallagh/Desktop/DataCollector/challenge_data/challengeData_2023-01-01_2023-01-31/page1.json,skipped_non_coding_task,,metadata_only
92c5b147-7961-45e0-85da-5aefa090fe48,Topcoder O/R F2F - Generic Spec Review Scorecard Reskin,challenge_data_challengeData_2023-01-01_2023-01-31_page2.json,/Users/karanallagh/Desktop/DataCollector/challenge_data/challengeData_2023-01-01_2023-01-31/page2.json,skipped_non_coding_task,,metadata_only
97745303-0ae1-4196-87db-3a03c1909b13,Topcoder O/R F2F - Submissions Tab has Winners Marked in it but shouldn't,challenge_data_challengeData_2023-01-01_2023-01-31_page1.json,/Users/karanallagh/Desktop/DataCollector/challenge_data/challengeData_2023-01-01_2023-01-31/page1.json,skipped_non_coding_task,,metadata_only
987f731a-503d-440e-b25e-101d04d701b5,"Topcoder Challenge API - Add field for ""challengeSource""",challenge_data_challengeData_2025-06-01_2025-10-08_page2.json,/Users/karanallagh/Desktop/DataCollector/challenge_data/challengeData_2025-06-01_2025-10-08/page2.json,skipped_non_coding_task,,metadata_only
9c0e8f57-190b-4427-a78c-c722af5ca8c9,"Topcoder O/R F2F - When a review scorecard is reopened and trying to submit new review, the previously entered scores are still displayed in the card",challenge_data_challengeData_2023-01-01_2023-01-31_page1.json,/Users/karanallagh/Desktop/DataCollector/challenge_data/challengeData_2023-01-01_2023-01-31/page1.json,skipped_non_coding_task,,metadata_only
9dbf5c94-920a-4533-9c42-5075370e4694,Topcoder O/R F2F - Buttons in the Manage project page are not fully visible due to the footer,challenge_data_challengeData_2023-01-01_2023-01-31_page1.json,/Users/karanallagh/Desktop/DataCollector/challenge_data/challengeData_2023-01-01_2023-01-31/page1.json,skipped_non_coding_task,,metadata_only
9e799e04-3e67-407c-8f7a-b35f493fc131,INFORMIX FINAL,challenge_data_challengeData_2025-06-01_2025-10-08_page1.json,/Users/karanallagh/Desktop/DataCollector/challenge_data/challengeData_2025-06-01_2025-10-08/page1.json,skipped_non_coding_task,,metadata_only
9f836b8b-205e-41fc-9f58-fe31b3164dae,"Topcoder Lookups API - Update with TypeScript, Prisma & PostgreSQL",challenge_data_challengeData_2025-06-01_2025-10-08_page2.json,/Users/karanallagh/Desktop/DataCollector/challenge_data/challengeData_2025-06-01_2025-10-08/page2.json,skipped_non_coding_task,,metadata_only
9fa61255-3a49-4301-8077-31ef7364031a,Topcoder Admin App - Misc Update 0610,challenge_data_challengeData_2025-06-01_2025-10-08_page1.json,/Users/karanallagh/Desktop/DataCollector/challenge_data/challengeData_2025-06-01_2025-10-08/page1.json,skipped_non_coding_task,,metadata_only
a2d3370b-7177-44a6-9f22-77cde66bc2ef,Topcoder O/R F2F - Topgear Scorecard Issue,challenge_data_challengeData_2023-01-01_2023-01-31_page2.json,/Users/karanallagh/Desktop/DataCollector/challenge_data/challengeData_2023-01-01_2023-01-31/page2.json,skipped_non_coding_task,,metadata_only
a47ab6c2-23fa-47d3-862d-f4c725245bea,Easy | Topcoder Skill Builder Competition | ReactJS | Getting Started,challenge_data_challengeData_2023-01-01_2023-01-31_page1.json,/Users/karanallagh/Desktop/DataCollector/challenge_data/challengeData_2023-01-01_2023-01-31/page1.json,skipped_non_coding_task,,metadata_only
a4826c63-5e86-45f7-899b-6ed2a3aa60f4,Topcoder Skill Builder Competition | ReactJS,challenge_data_challengeData_2023-01-01_2023-01-31_page1.json,/Users/karanallagh/Desktop/DataCollector/challenge_data/challengeData_2023-01-01_2023-01-31/page1.json,skipped_non_coding_task,,metadata_only
a4f17d0f-2196-4d00-8c29-3a33871da825,Topcoder Identity Service: updating AuthorizationResource with TypeScript and Postgres,challenge_data_challengeData_2025-06-01_2025-10-08_page1.json,/Users/karanallagh/Desktop/DataCollector/challenge_data/challengeData_2025-06-01_2025-10-08/page1.json,skipped_non_coding_task,,metadata_only
a5cf9a06-6362-475b-8dcc-fd748da21d18,Topcoder Platform - V6 Groups API implementation,challenge_data_challengeData_2025-06-01_2025-10-08_page1.json,/Users/karanallagh/Desktop/DataCollector/challenge_data/challengeData_2025-06-01_2025-10-08/page1.json,skipped_failed_synthesis,,metadata_only
a6b76b39-abf8-4b77-b334-c10ca0e03e0f,Topcoder O/R F2F - Edit Project Text area,challenge_data_challengeData_2023-01-01_2023-01-31_page1.json,/Users/karanallagh/Desktop/DataCollector/challenge_data/challengeData_2023-01-01_2023-01-31/page1.json,skipped_non_coding_task,,metadata_only
a924833a-26d7-4de9-b7a1-7284217ad544,AI Powered Image Resizing with Background Expansion Challenge,challenge_data_challengeData_2025-06-01_2025-10-08_page3.json,/Users/karanallagh/Desktop/DataCollector/challenge_data/challengeData_2025-06-01_2025-10-08/page3.json,failed_tests,synthesized,partial_synthesized_tests
aa2c0a99-7a47-4de8-8ad9-de1fdf35800a,Gamma  Theta Frequency Infusion  Visualization  Scoring UI Challenge,challenge_data_challengeData_2025-06-01_2025-10-08_page3.json,/Users/karanallagh/Desktop/DataCollector/challenge_data/challengeData_2025-06-01_2025-10-08/page3.json,failed_tests,synthesized,partial_synthesized_tests
aa869b61-572c-4929-8d05-db890d5c21ce,Topcoder Resource API - add support for memberId for resource API,challenge_data_challengeData_2025-06-01_2025-10-08_page1.json,/Users/karanallagh/Desktop/DataCollector/challenge_data/challengeData_2025-06-01_2025-10-08/page1.json,skipped_non_coding_task,,metadata_only
aae4deaa-da86-4630-b64f-e2b54d7f0cf9,[GIG] Azure Cloud Engineer,challenge_data_challengeData_2025-06-01_2025-10-08_page1.json,/Users/karanallagh/Desktop/DataCollector/challenge_data/challengeData_2025-06-01_2025-10-08/page1.json,skipped_non_coding_task,,metadata_only
abdd7dcf-38ca-47d6-a9b5-a134682bc9a8,Topcoder Community App - Checkpoint Screening and Screening Phases are not Showing before Activating the Challenge,challenge_data_challengeData_2023-01-01_2023-01-31_page1.json,/Users/karanallagh/Desktop/DataCollector/challenge_data/challengeData_2023-01-01_2023-01-31/page1.json,skipped_non_coding_task,,metadata_only
ac7837cd-349d-4a6a-aa97-82f1d19ad557,Topcoder Review API - Branch Merge and Code Fixes for Review API,challenge_data_challengeData_2025-06-01_2025-10-08_page2.json,/Users/karanallagh/Desktop/DataCollector/challenge_data/challengeData_2025-06-01_2025-10-08/page2.json,skipped_non_coding_task,,metadata_only
adb6dd4a-998d-4e2e-b3bc-155f089b0581,Topcoder Admin App - Add SSOLogin to User Management,challenge_data_challengeData_2025-06-01_2025-10-08_page1.json,/Users/karanallagh/Desktop/DataCollector/challenge_data/challengeData_2025-06-01_2025-10-08/page1.json,skipped_non_coding_task,,metadata_only
aeaaeac2-907e-4f11-bb09-30143522da50,Topcoder Online Review - Header menu behind other screen elements,challenge_data_challengeData_2023-01-01_2023-01-31_page1.json,/Users/karanallagh/Desktop/DataCollector/challenge_data/challengeData_2023-01-01_2023-01-31/page1.json,skipped_non_coding_task,,metadata_only
array_prefix,Prefix Sum,experiments_decomposition_benchmark_tasks.json,/Users/karanallagh/Desktop/DataCollector/experiments/decomposition/benchmark_tasks.json,success,provided,executable_curated_tests
array_prefix_hard,Prefix Sum (hard),experiments_decomposition_benchmark_tasks.json,/Users/karanallagh/Desktop/DataCollector/experiments/decomposition/benchmark_tasks.json,success,provided,executable_curated_tests
array_prefix_ood,Prefix Sum (ood),experiments_decomposition_benchmark_tasks.json,/Users/karanallagh/Desktop/DataCollector/experiments/decomposition/benchmark_tasks.json,success,provided,executable_curated_tests
array_prefix_stress,Prefix Sum (stress),experiments_decomposition_benchmark_tasks.json,/Users/karanallagh/Desktop/DataCollector/experiments/decomposition/benchmark_tasks.json,success,provided,executable_curated_tests
array_prefix_test,Prefix Sum (test),experiments_decomposition_benchmark_tasks.json,/Users/karanallagh/Desktop/DataCollector/experiments/decomposition/benchmark_tasks.json,success,provided,executable_curated_tests
array_sum,Array Sum,experiments_decomposition_benchmark_tasks.json,/Users/karanallagh/Desktop/DataCollector/experiments/decomposition/benchmark_tasks.json,success,provided,executable_curated_tests
array_sum_hard,Array Sum (hard),experiments_decomposition_benchmark_tasks.json,/Users/karanallagh/Desktop/DataCollector/experiments/decomposition/benchmark_tasks.json,success,provided,executable_curated_tests
array_sum_ood,Array Sum (ood),experiments_decomposition_benchmark_tasks.json,/Users/karanallagh/Desktop/DataCollector/experiments/decomposition/benchmark_tasks.json,success,provided,executable_curated_tests
array_sum_stress,Array Sum (stress),experiments_decomposition_benchmark_tasks.json,/Users/karanallagh/Desktop/DataCollector/experiments/decomposition/benchmark_tasks.json,success,provided,executable_curated_tests
array_sum_test,Array Sum (test),experiments_decomposition_benchmark_tasks.json,/Users/karanallagh/Desktop/DataCollector/experiments/decomposition/benchmark_tasks.json,success,provided,executable_curated_tests
b094c72f-4e9c-4582-9f00-4eec70d7c687,Test,challenge_data_challengeData_2025-06-01_2025-10-08_page1.json,/Users/karanallagh/Desktop/DataCollector/challenge_data/challengeData_2025-06-01_2025-10-08/page1.json,skipped_non_coding_task,,metadata_only
b0e66fb3-6bce-48c8-929f-9d8bebc76885,Topcoder Community App - Remove perpetual scrolling on Activity Feed page while logged out,challenge_data_challengeData_2023-01-01_2023-01-31_page1.json,/Users/karanallagh/Desktop/DataCollector/challenge_data/challengeData_2023-01-01_2023-01-31/page1.json,skipped_non_coding_task,,metadata_only
b14c4ffc-058e-4073-ba9d-710b64c56cea,Topcoder Member API Migration Code Fix,challenge_data_challengeData_2025-06-01_2025-10-08_page3.json,/Users/karanallagh/Desktop/DataCollector/challenge_data/challengeData_2025-06-01_2025-10-08/page3.json,skipped_non_coding_task,,metadata_only
b2217817-3aaf-478f-a73f-2817e1b348fc,Topcoder Challenge API: fix issues in Test Cases,challenge_data_challengeData_2025-06-01_2025-10-08_page1.json,/Users/karanallagh/Desktop/DataCollector/challenge_data/challengeData_2025-06-01_2025-10-08/page1.json,skipped_non_coding_task,,metadata_only
b4210a15-4a64-4fd4-9073-2a3e7e71c52c,Topcoder O/R F2F - Save changes after editing score card is opening the project in a new tab,challenge_data_challengeData_2023-01-01_2023-01-31_page1.json,/Users/karanallagh/Desktop/DataCollector/challenge_data/challengeData_2023-01-01_2023-01-31/page1.json,skipped_non_coding_task,,metadata_only
b49648b6-9772-461e-bdd2-12531df0f94b,Review API v6  Challenge Review Progress Endpoint,challenge_data_challengeData_2025-06-01_2025-10-08_page3.json,/Users/karanallagh/Desktop/DataCollector/challenge_data/challengeData_2025-06-01_2025-10-08/page3.json,failed_tests,synthesized,partial_synthesized_tests
b4ce6cb7-8df8-4ca5-ab75-2b962df71ce9,72 hours! - Topcoder Review App - Challenge Review Details Page Integration - Part 1,challenge_data_challengeData_2025-06-01_2025-10-08_page2.json,/Users/karanallagh/Desktop/DataCollector/challenge_data/challengeData_2025-06-01_2025-10-08/page2.json,skipped_non_coding_task,,metadata_only
b4d1a858-955a-4e61-9a9c-0ebbe92decf0,Informix Testing 6th July,challenge_data_challengeData_2025-06-01_2025-10-08_page1.json,/Users/karanallagh/Desktop/DataCollector/challenge_data/challengeData_2025-06-01_2025-10-08/page1.json,skipped_non_coding_task,,metadata_only
b7723a12-b8f7-4ca4-93e3-ffb9c2bc8221,Topcoder Ratings Calculation Service Postgres Schema Design,challenge_data_challengeData_2025-06-01_2025-10-08_page3.json,/Users/karanallagh/Desktop/DataCollector/challenge_data/challengeData_2025-06-01_2025-10-08/page3.json,skipped_non_coding_task,,metadata_only
bb63ec8d-e3bb-4dc8-80dd-ddf2dd84ed61,Topcoder Challenge API - Issues Fix 0613,challenge_data_challengeData_2025-06-01_2025-10-08_page1.json,/Users/karanallagh/Desktop/DataCollector/challenge_data/challengeData_2025-06-01_2025-10-08/page1.json,skipped_non_coding_task,,metadata_only
bc753269-c2f1-48ad-b0c3-51857adae837,Test Draft CH,challenge_data_challengeData_2025-06-01_2025-10-08_page1.json,/Users/karanallagh/Desktop/DataCollector/challenge_data/challengeData_2025-06-01_2025-10-08/page1.json,skipped_non_coding_task,,metadata_only
bd284c61-3106-44b6-941e-0261f2b5717d,PieceFinder Computer Vision Proof of Concept Challenge,challenge_data_challengeData_2025-06-01_2025-10-08_page2.json,/Users/karanallagh/Desktop/DataCollector/challenge_data/challengeData_2025-06-01_2025-10-08/page2.json,skipped_failed_synthesis,,metadata_only
c014f257-51be-441b-a53a-22307d0e01e5,Topcoder Review API - Lint Errors Fix and Endpoint Path Correction,challenge_data_challengeData_2025-06-01_2025-10-08_page2.json,/Users/karanallagh/Desktop/DataCollector/challenge_data/challengeData_2025-06-01_2025-10-08/page2.json,skipped_failed_synthesis,,metadata_only
c12f89e7-f444-407a-8d10-b14d1e26d2f0,Topcoder O/R F2F - UI issues in Late Deliverables Details page,challenge_data_challengeData_2023-01-01_2023-01-31_page2.json,/Users/karanallagh/Desktop/DataCollector/challenge_data/challengeData_2023-01-01_2023-01-31/page2.json,skipped_non_coding_task,,metadata_only
c1d1ce40-9337-4a23-af35-af6593a969f3,Topcoder O/R F2F - Approval scorecard is not reskinned,challenge_data_challengeData_2023-01-01_2023-01-31_page1.json,/Users/karanallagh/Desktop/DataCollector/challenge_data/challengeData_2023-01-01_2023-01-31/page1.json,skipped_non_coding_task,,metadata_only
c686d72a-f0da-4e30-9eca-b75f317e5931,Medium | Topcoder Skill Builder Competition | ReactJS | Co-learning,challenge_data_challengeData_2023-01-01_2023-01-31_page1.json,/Users/karanallagh/Desktop/DataCollector/challenge_data/challengeData_2023-01-01_2023-01-31/page1.json,skipped_non_coding_task,,metadata_only
c77d02db-c3e4-48c3-bee0-f3e2599824b7,Topcoder Member API - Update Code with Postgres Schema Part 1,challenge_data_challengeData_2025-06-01_2025-10-08_page1.json,/Users/karanallagh/Desktop/DataCollector/challenge_data/challengeData_2025-06-01_2025-10-08/page1.json,skipped_non_coding_task,,metadata_only
c8bb4b8f-d9c5-48d8-b37e-e165cf4cd5f6,Test challenge,challenge_data_challengeData_2025-06-01_2025-10-08_page3.json,/Users/karanallagh/Desktop/DataCollector/challenge_data/challengeData_2025-06-01_2025-10-08/page3.json,skipped_non_coding_task,,metadata_only
c90790bd-d289-42b7-bd97-4bc65d7232f5,Topcoder Community App - Remove the support modal,challenge_data_challengeData_2023-01-01_2023-01-31_page1.json,/Users/karanallagh/Desktop/DataCollector/challenge_data/challengeData_2023-01-01_2023-01-31/page1.json,skipped_non_coding_task,,metadata_only
cd9b908a-f6d0-49ec-aca4-332916a6a7ee,Topcoder Review API - Fix Identified Issues,challenge_data_challengeData_2025-06-01_2025-10-08_page1.json,/Users/karanallagh/Desktop/DataCollector/challenge_data/challengeData_2025-06-01_2025-10-08/page1.json,failed_tests,synthesized,partial_synthesized_tests
cdb60740-ab44-40e2-9491-7c14f71a8256,Topcoder Member API V6 Test Improvement Part 2,challenge_data_challengeData_2025-06-01_2025-10-08_page3.json,/Users/karanallagh/Desktop/DataCollector/challenge_data/challengeData_2025-06-01_2025-10-08/page3.json,skipped_non_coding_task,,metadata_only
d07192fe-fc8e-48ce-88b6-9c190a8ff4ac,Topcoder Review API - Legacy Submissions Data Import for Submissions API Migration - REPOST,challenge_data_challengeData_2025-06-01_2025-10-08_page2.json,/Users/karanallagh/Desktop/DataCollector/challenge_data/challengeData_2025-06-01_2025-10-08/page2.json,skipped_non_coding_task,,metadata_only
d0aeaa35-702f-41ec-9522-7cd2e93f35f2,Topcoder O/R F2F - Forum link is opening error page,challenge_data_challengeData_2023-01-01_2023-01-31_page2.json,/Users/karanallagh/Desktop/DataCollector/challenge_data/challengeData_2023-01-01_2023-01-31/page2.json,skipped_non_coding_task,,metadata_only
d1c8505f-e0eb-4026-b7f8-3c5e991e9e20,TEST INFORMIX,challenge_data_challengeData_2025-06-01_2025-10-08_page1.json,/Users/karanallagh/Desktop/DataCollector/challenge_data/challengeData_2025-06-01_2025-10-08/page1.json,skipped_non_coding_task,,metadata_only
d29af94a-f951-479c-8f39-86a413c7c100,72 Hours  Topcoder Review App  Challenge Review Edit Page Integration  Repost,challenge_data_challengeData_2025-06-01_2025-10-08_page3.json,/Users/karanallagh/Desktop/DataCollector/challenge_data/challengeData_2025-06-01_2025-10-08/page3.json,skipped_failed_synthesis,,metadata_only
d3df2502-e80c-49a8-96f6-ded70d59c750,[GIG] Azure Integration Developer,challenge_data_challengeData_2025-06-01_2025-10-08_page1.json,/Users/karanallagh/Desktop/DataCollector/challenge_data/challengeData_2025-06-01_2025-10-08/page1.json,failed_tests,synthesized,partial_synthesized_tests
d4138296-7ca5-40e3-86d7-b9566a6aa05c,Topcoder Community App - Apply universal navigation to Privacy Policy page,challenge_data_challengeData_2023-01-01_2023-01-31_page1.json,/Users/karanallagh/Desktop/DataCollector/challenge_data/challengeData_2023-01-01_2023-01-31/page1.json,skipped_non_coding_task,,metadata_only
d4d7b154-8d23-4b52-abde-1d37d3edf8bd,Topcoder Member API V6 Test Improvement Part 1,challenge_data_challengeData_2025-06-01_2025-10-08_page3.json,/Users/karanallagh/Desktop/DataCollector/challenge_data/challengeData_2025-06-01_2025-10-08/page3.json,skipped_non_coding_task,,metadata_only
d8c5b3a9-2ad6-4709-917a-7ab5854ac0f4,Topcoder O/R F2F - View Completed Review Score,challenge_data_challengeData_2023-01-01_2023-01-31_page1.json,/Users/karanallagh/Desktop/DataCollector/challenge_data/challengeData_2023-01-01_2023-01-31/page1.json,skipped_failed_synthesis,,metadata_only
d91b8780-5069-45a1-9842-b9fcbec65101,Topcoder Resources API relocating MemberProfile and MemberStats tables,challenge_data_challengeData_2025-06-01_2025-10-08_page3.json,/Users/karanallagh/Desktop/DataCollector/challenge_data/challengeData_2025-06-01_2025-10-08/page3.json,skipped_non_coding_task,,metadata_only
db84aa79-98e1-4ea2-aca1-3503d7ebac41,Topcoder O/R F2F - Error when the reviewer doing appeal responses,challenge_data_challengeData_2023-01-01_2023-01-31_page1.json,/Users/karanallagh/Desktop/DataCollector/challenge_data/challengeData_2023-01-01_2023-01-31/page1.json,skipped_non_coding_task,,metadata_only
dd239e92-3ee2-4451-8a3d-c8972be32937,INFORMIX NEW,challenge_data_challengeData_2025-06-01_2025-10-08_page1.json,/Users/karanallagh/Desktop/DataCollector/challenge_data/challengeData_2025-06-01_2025-10-08/page1.json,skipped_non_coding_task,,metadata_only
ddeb3d88-2817-45d9-8f93-ea3b4fa9eb9e,"Native Language Specialists – Japanese, Korean, and French (3-Month GIG Contract)",challenge_data_challengeData_2025-06-01_2025-10-08_page1.json,/Users/karanallagh/Desktop/DataCollector/challenge_data/challengeData_2025-06-01_2025-10-08/page1.json,skipped_non_coding_task,,metadata_only
de4f9d67-957f-497e-bcb4-597e8f583911,Topcoder Resources API: get full role object for resources API,challenge_data_challengeData_2025-06-01_2025-10-08_page2.json,/Users/karanallagh/Desktop/DataCollector/challenge_data/challengeData_2025-06-01_2025-10-08/page2.json,skipped_failed_synthesis,,metadata_only
dp_coin,Coin Change,experiments_decomposition_benchmark_tasks.json,/Users/karanallagh/Desktop/DataCollector/experiments/decomposition/benchmark_tasks.json,success,provided,executable_curated_tests
dp_coin_hard,Coin Change (hard),experiments_decomposition_benchmark_tasks.json,/Users/karanallagh/Desktop/DataCollector/experiments/decomposition/benchmark_tasks.json,success,provided,executable_curated_tests
dp_coin_ood,Coin Change (ood),experiments_decomposition_benchmark_tasks.json,/Users/karanallagh/Desktop/DataCollector/experiments/decomposition/benchmark_tasks.json,success,provided,executable_curated_tests
dp_coin_stress,Coin Change (stress),experiments_decomposition_benchmark_tasks.json,/Users/karanallagh/Desktop/DataCollector/experiments/decomposition/benchmark_tasks.json,success,provided,executable_curated_tests
dp_coin_test,Coin Change (test),experiments_decomposition_benchmark_tasks.json,/Users/karanallagh/Desktop/DataCollector/experiments/decomposition/benchmark_tasks.json,success,provided,executable_curated_tests
dp_fib,Nth Fibonacci,experiments_decomposition_benchmark_tasks.json,/Users/karanallagh/Desktop/DataCollector/experiments/decomposition/benchmark_tasks.json,success,provided,executable_curated_tests
dp_fib_hard,Nth Fibonacci (hard),experiments_decomposition_benchmark_tasks.json,/Users/karanallagh/Desktop/DataCollector/experiments/decomposition/benchmark_tasks.json,success,provided,executable_curated_tests
dp_fib_ood,Nth Fibonacci (ood),experiments_decomposition_benchmark_tasks.json,/Users/karanallagh/Desktop/DataCollector/experiments/decomposition/benchmark_tasks.json,success,provided,executable_curated_tests
dp_fib_stress,Nth Fibonacci (stress),experiments_decomposition_benchmark_tasks.json,/Users/karanallagh/Desktop/DataCollector/experiments/decomposition/benchmark_tasks.json,success,provided,executable_curated_tests
dp_fib_test,Nth Fibonacci (test),experiments_decomposition_benchmark_tasks.json,/Users/karanallagh/Desktop/DataCollector/experiments/decomposition/benchmark_tasks.json,success,provided,executable_curated_tests
e12ee862-474a-4e40-9d2d-2699ae1dfc2a,AI Aided Asset Versioning Platform User Panel Frontend Challenge,challenge_data_challengeData_2025-06-01_2025-10-08_page3.json,/Users/karanallagh/Desktop/DataCollector/challenge_data/challengeData_2025-06-01_2025-10-08/page3.json,failed_tests,synthesized,partial_synthesized_tests
e1629b69-4c8e-4ed1-abb2-d4bfbe541db6,Topcoder NestJS Autopilot - Challenge API Integration Fixes,challenge_data_challengeData_2025-06-01_2025-10-08_page2.json,/Users/karanallagh/Desktop/DataCollector/challenge_data/challengeData_2025-06-01_2025-10-08/page2.json,skipped_non_coding_task,,metadata_only
e1a9ccda-b466-4903-b5c3-2ad63cae7f5b,Topcoder Identity Service fixing Roles Endpoints Defects,challenge_data_challengeData_2025-06-01_2025-10-08_page3.json,/Users/karanallagh/Desktop/DataCollector/challenge_data/challengeData_2025-06-01_2025-10-08/page3.json,failed_tests,synthesized,partial_synthesized_tests
e28794c3-545b-4869-b536-588e82cf31bb,Topcoder MM Scorer Update to use M2M token,challenge_data_challengeData_2025-06-01_2025-10-08_page3.json,/Users/karanallagh/Desktop/DataCollector/challenge_data/challengeData_2025-06-01_2025-10-08/page3.json,skipped_non_coding_task,,metadata_only
e8231040-e63f-40c4-980c-eb815062aeec,Topcoder Online Review - Logged out user is not shown as logged out in the uni nav on the List Project page,challenge_data_challengeData_2023-01-01_2023-01-31_page1.json,/Users/karanallagh/Desktop/DataCollector/challenge_data/challengeData_2023-01-01_2023-01-31/page1.json,skipped_non_coding_task,,metadata_only
e9b766e3-df0e-414d-9ac0-d39e1d7d7093,Informix Testing 6th July New,challenge_data_challengeData_2025-06-01_2025-10-08_page1.json,/Users/karanallagh/Desktop/DataCollector/challenge_data/challengeData_2025-06-01_2025-10-08/page1.json,skipped_non_coding_task,,metadata_only
ec992916-4f83-4d20-9a0c-e623d7258b6a,72 hours Topcoder Review API Gitea Workflow Triggers for Submission Scan Complete,challenge_data_challengeData_2025-06-01_2025-10-08_page2.json,/Users/karanallagh/Desktop/DataCollector/challenge_data/challengeData_2025-06-01_2025-10-08/page2.json,failed_tests,synthesized,partial_synthesized_tests
ecfed727-3e85-41ab-9ce4-6d0032f80c57,Topcoder Identity Service: Tests Improvement,challenge_data_challengeData_2025-06-01_2025-10-08_page2.json,/Users/karanallagh/Desktop/DataCollector/challenge_data/challengeData_2025-06-01_2025-10-08/page2.json,skipped_non_coding_task,,metadata_only
eeb7d819-1984-47d0-989f-77421af704e8,Topcoder Member API - Legacy Data Import for Member API Migration,challenge_data_challengeData_2025-06-01_2025-10-08_page2.json,/Users/karanallagh/Desktop/DataCollector/challenge_data/challengeData_2025-06-01_2025-10-08/page2.json,skipped_non_coding_task,,metadata_only
efb49126-be30-4c9a-8185-0bf98bcc9a38,Reporting Application - API Development #1,challenge_data_challengeData_2023-01-01_2023-01-31_page1.json,/Users/karanallagh/Desktop/DataCollector/challenge_data/challengeData_2023-01-01_2023-01-31/page1.json,failed_tests,synthesized,partial_synthesized_tests
f0a449ac-540f-4325-9910-ca69f4df99a8,"Topcoder Challenge API - Add field for ""wiproAllowed""",challenge_data_challengeData_2025-06-01_2025-10-08_page2.json,/Users/karanallagh/Desktop/DataCollector/challenge_data/challengeData_2025-06-01_2025-10-08/page2.json,skipped_non_coding_task,,metadata_only
f0a64f69-51d7-4699-8507-005b80982771,Topcoder NestJS Autopilot: Event-Based Phase Transition Implementation,challenge_data_challengeData_2025-06-01_2025-10-08_page1.json,/Users/karanallagh/Desktop/DataCollector/challenge_data/challengeData_2025-06-01_2025-10-08/page1.json,skipped_failed_synthesis,,metadata_only
f107d44d-d997-41de-8c44-c9f63b718f96,MTL-DBG-Dec22-Niti01,challenge_data_challengeData_2023-01-01_2023-01-31_page2.json,/Users/karanallagh/Desktop/DataCollector/challenge_data/challengeData_2023-01-01_2023-01-31/page2.json,skipped_non_coding_task,,metadata_only
f10e7e31-4050-41e7-8b71-5b362461dbd2,Test 19_06,challenge_data_challengeData_2025-06-01_2025-10-08_page1.json,/Users/karanallagh/Desktop/DataCollector/challenge_data/challengeData_2025-06-01_2025-10-08/page1.json,skipped_non_coding_task,,metadata_only
f4c318a9-edff-45ab-9ccc-703fa2d80239,Topcoder O/R F2F - Unable to Approve reject challenges since the Response drop down is not selectable,challenge_data_challengeData_2023-01-01_2023-01-31_page1.json,/Users/karanallagh/Desktop/DataCollector/challenge_data/challengeData_2023-01-01_2023-01-31/page1.json,failed_tests,synthesized,partial_synthesized_tests
f537cf53-949f-42eb-ae9b-9659ba55820b,Topcoder NestJS Autopilot  Winston Logger ECS Deployment Fix,challenge_data_challengeData_2025-06-01_2025-10-08_page2.json,/Users/karanallagh/Desktop/DataCollector/challenge_data/challengeData_2025-06-01_2025-10-08/page2.json,failed_tests,synthesized,partial_synthesized_tests
f5b289f7-d7c9-4228-8f6b-2c5caa989525,72HR Topcoder Rating Processor v6 Enhancement,challenge_data_challengeData_2025-06-01_2025-10-08_page3.json,/Users/karanallagh/Desktop/DataCollector/challenge_data/challengeData_2025-06-01_2025-10-08/page3.json,skipped_non_coding_task,,metadata_only
f71e8aa6-359f-494a-b2a7-e20cfe317cd4,Topcoder O/R F2F - Advancing screening failed submissions page is not reskinned,challenge_data_challengeData_2023-01-01_2023-01-31_page1.json,/Users/karanallagh/Desktop/DataCollector/challenge_data/challengeData_2023-01-01_2023-01-31/page1.json,skipped_non_coding_task,,metadata_only
f8df2d83-4ff4-4c29-beee-f357182e5053,AgentGateway Configuration Cookbook and Demos,challenge_data_challengeData_2025-06-01_2025-10-08_page3.json,/Users/karanallagh/Desktop/DataCollector/challenge_data/challengeData_2025-06-01_2025-10-08/page3.json,failed_tests,synthesized,partial_synthesized_tests
f9403b29-37cc-47a3-bda0-80d4e592f5c5,ePost RX Modernisation - Fix all failed test case and improve the coverage Part 2,challenge_data_challengeData_2023-01-01_2023-01-31_page2.json,/Users/karanallagh/Desktop/DataCollector/challenge_data/challengeData_2023-01-01_2023-01-31/page2.json,skipped_non_coding_task,,metadata_only
fa187051-f7ac-4e56-8ecd-c31d61e3e961,"[GIG] Integration Technical Business Analyst – Melbourne, Australia",challenge_data_challengeData_2025-06-01_2025-10-08_page1.json,/Users/karanallagh/Desktop/DataCollector/challenge_data/challengeData_2025-06-01_2025-10-08/page1.json,skipped_non_coding_task,,metadata_only
fa4d239a-d085-441d-9d04-bf63ad326a90,Topcoder Admin App Add Columns to Review Management Page,challenge_data_challengeData_2025-06-01_2025-10-08_page2.json,/Users/karanallagh/Desktop/DataCollector/challenge_data/challengeData_2025-06-01_2025-10-08/page2.json,skipped_non_coding_task,,metadata_only
faa95748-8dbe-4d5b-87e1-b96d8073e31c,Topcoder Community App - 2 Round Challenge sporadically showing as 1 round,challenge_data_challengeData_2023-01-01_2023-01-31_page1.json,/Users/karanallagh/Desktop/DataCollector/challenge_data/challengeData_2023-01-01_2023-01-31/page1.json,skipped_non_coding_task,,metadata_only
fba17aab-d8df-46fd-87cf-bac814c5bb97,Topcoder O/R F2F - Members cannot download submissions anymore,challenge_data_challengeData_2023-01-01_2023-01-31_page1.json,/Users/karanallagh/Desktop/DataCollector/challenge_data/challengeData_2023-01-01_2023-01-31/page1.json,skipped_non_coding_task,,metadata_only
fc529d83-2f9e-4f3e-8c3a-7770122c1404,Topcoder O/R F2F - Buttons in some pages are not fully visible,challenge_data_challengeData_2023-01-01_2023-01-31_page2.json,/Users/karanallagh/Desktop/DataCollector/challenge_data/challengeData_2023-01-01_2023-01-31/page2.json,skipped_non_coding_task,,metadata_only
graph_degree,Degree Map,experiments_decomposition_benchmark_tasks.json,/Users/karanallagh/Desktop/DataCollector/experiments/decomposition/benchmark_tasks.json,failed_tests,provided,executable_curated_tests
graph_degree_hard,Degree Map (hard),experiments_decomposition_benchmark_tasks.json,/Users/karanallagh/Desktop/DataCollector/experiments/decomposition/benchmark_tasks.json,failed_tests,provided,executable_curated_tests
graph_degree_ood,Degree Map (ood),experiments_decomposition_benchmark_tasks.json,/Users/karanallagh/Desktop/DataCollector/experiments/decomposition/benchmark_tasks.json,failed_tests,provided,executable_curated_tests
graph_degree_stress,Degree Map (stress),experiments_decomposition_benchmark_tasks.json,/Users/karanallagh/Desktop/DataCollector/experiments/decomposition/benchmark_tasks.json,failed_tests,provided,executable_curated_tests
graph_degree_test,Degree Map (test),experiments_decomposition_benchmark_tasks.json,/Users/karanallagh/Desktop/DataCollector/experiments/decomposition/benchmark_tasks.json,failed_tests,provided,executable_curated_tests
graph_edges,Edge Count,experiments_decomposition_benchmark_tasks.json,/Users/karanallagh/Desktop/DataCollector/experiments/decomposition/benchmark_tasks.json,success,provided,executable_curated_tests
graph_edges_hard,Edge Count (hard),experiments_decomposition_benchmark_tasks.json,/Users/karanallagh/Desktop/DataCollector/experiments/decomposition/benchmark_tasks.json,success,provided,executable_curated_tests
graph_edges_ood,Edge Count (ood),experiments_decomposition_benchmark_tasks.json,/Users/karanallagh/Desktop/DataCollector/experiments/decomposition/benchmark_tasks.json,success,provided,executable_curated_tests
graph_edges_stress,Edge Count (stress),experiments_decomposition_benchmark_tasks.json,/Users/karanallagh/Desktop/DataCollector/experiments/decomposition/benchmark_tasks.json,success,provided,executable_curated_tests
graph_edges_test,Edge Count (test),experiments_decomposition_benchmark_tasks.json,/Users/karanallagh/Desktop/DataCollector/experiments/decomposition/benchmark_tasks.json,success,provided,executable_curated_tests
mixed_matrix,Matrix Trace,experiments_decomposition_benchmark_tasks.json,/Users/karanallagh/Desktop/DataCollector/experiments/decomposition/benchmark_tasks.json,success,provided,executable_curated_tests
mixed_matrix_hard,Matrix Trace (hard),experiments_decomposition_benchmark_tasks.json,/Users/karanallagh/Desktop/DataCollector/experiments/decomposition/benchmark_tasks.json,success,provided,executable_curated_tests
mixed_matrix_ood,Matrix Trace (ood),experiments_decomposition_benchmark_tasks.json,/Users/karanallagh/Desktop/DataCollector/experiments/decomposition/benchmark_tasks.json,success,provided,executable_curated_tests
mixed_matrix_stress,Matrix Trace (stress),experiments_decomposition_benchmark_tasks.json,/Users/karanallagh/Desktop/DataCollector/experiments/decomposition/benchmark_tasks.json,success,provided,executable_curated_tests
mixed_matrix_test,Matrix Trace (test),experiments_decomposition_benchmark_tasks.json,/Users/karanallagh/Desktop/DataCollector/experiments/decomposition/benchmark_tasks.json,success,provided,executable_curated_tests
number_primes,Prime Count,experiments_decomposition_benchmark_tasks.json,/Users/karanallagh/Desktop/DataCollector/experiments/decomposition/benchmark_tasks.json,success,provided,executable_curated_tests
number_primes_hard,Prime Count (hard),experiments_decomposition_benchmark_tasks.json,/Users/karanallagh/Desktop/DataCollector/experiments/decomposition/benchmark_tasks.json,success,provided,executable_curated_tests
number_primes_ood,Prime Count (ood),experiments_decomposition_benchmark_tasks.json,/Users/karanallagh/Desktop/DataCollector/experiments/decomposition/benchmark_tasks.json,success,provided,executable_curated_tests
number_primes_stress,Prime Count (stress),experiments_decomposition_benchmark_tasks.json,/Users/karanallagh/Desktop/DataCollector/experiments/decomposition/benchmark_tasks.json,success,provided,executable_curated_tests
number_primes_test,Prime Count (test),experiments_decomposition_benchmark_tasks.json,/Users/karanallagh/Desktop/DataCollector/experiments/decomposition/benchmark_tasks.json,success,provided,executable_curated_tests
string_freq,Char Frequency,experiments_decomposition_benchmark_tasks.json,/Users/karanallagh/Desktop/DataCollector/experiments/decomposition/benchmark_tasks.json,success,provided,executable_curated_tests
string_freq_hard,Char Frequency (hard),experiments_decomposition_benchmark_tasks.json,/Users/karanallagh/Desktop/DataCollector/experiments/decomposition/benchmark_tasks.json,success,provided,executable_curated_tests
string_freq_ood,Char Frequency (ood),experiments_decomposition_benchmark_tasks.json,/Users/karanallagh/Desktop/DataCollector/experiments/decomposition/benchmark_tasks.json,success,provided,executable_curated_tests
string_freq_stress,Char Frequency (stress),experiments_decomposition_benchmark_tasks.json,/Users/karanallagh/Desktop/DataCollector/experiments/decomposition/benchmark_tasks.json,success,provided,executable_curated_tests
string_freq_test,Char Frequency (test),experiments_decomposition_benchmark_tasks.json,/Users/karanallagh/Desktop/DataCollector/experiments/decomposition/benchmark_tasks.json,success,provided,executable_curated_tests
string_reverse,Reverse String,experiments_decomposition_benchmark_tasks.json,/Users/karanallagh/Desktop/DataCollector/experiments/decomposition/benchmark_tasks.json,success,provided,executable_curated_tests
string_reverse_hard,Reverse String (hard),experiments_decomposition_benchmark_tasks.json,/Users/karanallagh/Desktop/DataCollector/experiments/decomposition/benchmark_tasks.json,success,provided,executable_curated_tests
string_reverse_ood,Reverse String (ood),experiments_decomposition_benchmark_tasks.json,/Users/karanallagh/Desktop/DataCollector/experiments/decomposition/benchmark_tasks.json,success,provided,executable_curated_tests
string_reverse_stress,Reverse String (stress),experiments_decomposition_benchmark_tasks.json,/Users/karanallagh/Desktop/DataCollector/experiments/decomposition/benchmark_tasks.json,success,provided,executable_curated_tests
string_reverse_test,Reverse String (test),experiments_decomposition_benchmark_tasks.json,/Users/karanallagh/Desktop/DataCollector/experiments/decomposition/benchmark_tasks.json,success,provided,executable_curated_tests
