task_id,dataset_id,dataset_path,title,task_type,resolved_task_type,status,error_type,pass_rate,pass_at_final,attempt_count,strategy_used,fallback_path,stagnation_events,start_time,end_time,duration_seconds,tests_provided,tests_source,tests_path,router_rationale,router_heuristics,solver_used,verifier_type,verifier_score,used_synthesized_tests,artifact_path,unit_test_report_path,deliverable_path,patch_path,repo_log_path,rubric_path,failure_signature,failing_tests,last_error,llm_calls_used,timed_out,timeout_reason,unit_test_success,deliverable_success
5a953c7c-482a-4643-aad1-f7a093da7fb9,data_raw_tasks.csv,/Users/karanallagh/Desktop/DataCollector/data/raw/tasks.csv,Topcoder O/R F2F - Submit Score TextArea in Firefox,algo_coding,algo_coding,failed_tests,failed_tests,0.0,False,10.0,semantic_diff,contract_first->pattern_skeleton->failure_mode_first->multi_view->semantic_diff,5.0,2026-02-24T11:51:38.539169,2026-02-24T11:52:30.129007,51.589838,True,synthesized,/Users/karanallagh/Desktop/DataCollector/reports/experiments/universal_demo/generated_tests/5a953c7c-482a-4643-aad1-f7a093da7fb9.json,Statement looks like algorithmic I/O spec,io_signature_markers,algo_coding,unit_tests,0.0,True,/Users/karanallagh/Desktop/DataCollector/artifacts/self_verifying/universal_demo,/Users/karanallagh/Desktop/DataCollector/reports/experiments/universal_demo/unit_tests/5a953c7c-482a-4643-aad1-f7a093da7fb9.json,,,,,c8c21d4886568b9f3478af7201e29aea01373174229e6d240a3b6b3aa4678449,check_edge_case_large_text_input,,18.0,False,,False,False
694f790b-9a05-494a-a679-212983382fba,challenge_data_challengeData_2025-06-01_2025-10-08_page2.json,/Users/karanallagh/Desktop/DataCollector/challenge_data/challengeData_2025-06-01_2025-10-08/page2.json,Message Center - QA and bug fixes,repo_patch,repo_patch,completed_patch,success,0.0,False,0.0,,,0.0,2026-02-24T11:52:30.129330,2026-02-24T11:52:45.638697,15.509367,False,,,Looks like a repository/app maintenance task,repo_keywords,repo_patch,rubric_repo_patch,85.0,False,/Users/karanallagh/Desktop/DataCollector/artifacts/self_verifying/universal_demo,,/Users/karanallagh/Desktop/DataCollector/reports/experiments/universal_demo/deliverables/694f790b-9a05-494a-a679-212983382fba_patch.md,/Users/karanallagh/Desktop/DataCollector/reports/experiments/universal_demo/patches/694f790b-9a05-494a-a679-212983382fba.diff,/Users/karanallagh/Desktop/DataCollector/reports/experiments/universal_demo/repo_logs/694f790b-9a05-494a-a679-212983382fba.json,/Users/karanallagh/Desktop/DataCollector/reports/experiments/universal_demo/rubric/694f790b-9a05-494a-a679-212983382fba_repo_patch.json,,,,2.0,False,,False,True
97745303-0ae1-4196-87db-3a03c1909b13,challenge_data_challengeData_2023-01-01_2023-01-31_page1.json,/Users/karanallagh/Desktop/DataCollector/challenge_data/challengeData_2023-01-01_2023-01-31/page1.json,Topcoder O/R F2F - Submissions Tab has Winners Marked in it but shouldn't,algo_coding,algo_coding,skipped_failed_synthesis,synthesis_failure,0.0,False,0.0,,,0.0,2026-02-24T11:52:45.639424,2026-02-24T11:53:03.913366,18.273942,False,,,Statement looks like algorithmic I/O spec,io_signature_markers,algo_coding,,0.0,False,/Users/karanallagh/Desktop/DataCollector/artifacts/self_verifying/universal_demo,,,,,,,,,0.0,False,,False,False
7db8d519-d5c9-48b6-8c1d-d8430f7f09ee,data_raw_tasks.csv,/Users/karanallagh/Desktop/DataCollector/data/raw/tasks.csv,AI Aided Asset Versioning Platform Backend Challenge Part 1,algo_coding,algo_coding,failed_tests,failed_tests,0.0,False,10.0,semantic_diff,contract_first->pattern_skeleton->failure_mode_first->multi_view->semantic_diff,5.0,2026-02-24T11:53:03.914906,2026-02-24T11:54:24.945591,81.030685,True,synthesized,/Users/karanallagh/Desktop/DataCollector/reports/experiments/universal_demo/generated_tests/7db8d519-d5c9-48b6-8c1d-d8430f7f09ee.json,Statement looks like algorithmic I/O spec,io_signature_markers,algo_coding,unit_tests,0.0,True,/Users/karanallagh/Desktop/DataCollector/artifacts/self_verifying/universal_demo,/Users/karanallagh/Desktop/DataCollector/reports/experiments/universal_demo/unit_tests/7db8d519-d5c9-48b6-8c1d-d8430f7f09ee.json,,,,,743c7b88f22b5d46ba34b8d9313cb68a9d532bc0935d93111c268e7d604e2d14,"test_user_login_success,test_user_login_failure,test_asset_upload_success,test_asset_upload_invalid_file_type,test_content_moderation_nsfw_check",,18.0,False,,False,False
4fea455b-76f7-4e66-80a6-98b667d98670,data_processed_tasks.csv,/Users/karanallagh/Desktop/DataCollector/data/processed/tasks.csv,Topcoder O/R F2F - Members cannot download submissions anymore,algo_coding,algo_coding,failed_tests,failed_tests,0.0,False,10.0,semantic_diff,contract_first->pattern_skeleton->failure_mode_first->multi_view->semantic_diff,5.0,2026-02-24T11:54:24.946919,2026-02-24T11:55:22.398388,57.451469,True,synthesized,/Users/karanallagh/Desktop/DataCollector/reports/experiments/universal_demo/generated_tests/4fea455b-76f7-4e66-80a6-98b667d98670.json,Statement looks like algorithmic I/O spec,io_signature_markers,algo_coding,unit_tests,0.0,True,/Users/karanallagh/Desktop/DataCollector/artifacts/self_verifying/universal_demo,/Users/karanallagh/Desktop/DataCollector/reports/experiments/universal_demo/unit_tests/4fea455b-76f7-4e66-80a6-98b667d98670.json,,,,,5ea3a5e70fed2244ad2e2ebadc5d1e68c4de8c8a987870293f9131a811f173b1,"valid_download_after_submission,invalid_download_without_submission,multiple_submissions,download_from_different_challenge,edge_case_no_submissions",,18.0,False,,False,False
number_primes_stress,experiments_decomposition_benchmark_tasks.json,/Users/karanallagh/Desktop/DataCollector/experiments/decomposition/benchmark_tasks.json,Prime Count (stress),algo_coding,algo_coding,success,success,1.0,True,1.0,contract_first,contract_first,0.0,2026-02-24T11:55:22.400352,2026-02-24T11:55:27.005839,4.605487,True,provided,/Users/karanallagh/Desktop/DataCollector/reports/experiments/universal_demo/extracted_tests/number_primes_stress.json,Embedded tests found,metadata_tests,algo_coding,unit_tests,100.0,False,/Users/karanallagh/Desktop/DataCollector/artifacts/self_verifying/universal_demo,/Users/karanallagh/Desktop/DataCollector/reports/experiments/universal_demo/unit_tests/number_primes_stress.json,,,,,,,,2.0,False,,True,False
30377320,challenge_data_demoData.json,/Users/karanallagh/Desktop/DataCollector/challenge_data/demoData.json,Topcoder Platform - V6 Groups API implementation,algo_coding,algo_coding,skipped_failed_synthesis,synthesis_failure,0.0,False,0.0,,,0.0,2026-02-24T11:55:27.006111,2026-02-24T11:55:42.795260,15.789149,False,,,Statement looks like algorithmic I/O spec,io_signature_markers,algo_coding,,0.0,False,/Users/karanallagh/Desktop/DataCollector/artifacts/self_verifying/universal_demo,,,,,,,,,0.0,False,,False,False
29f79b9f-32ef-43e5-8298-1028dfbf1136,challenge_data_challengeData_2025-06-01_2025-10-08_page2.json,/Users/karanallagh/Desktop/DataCollector/challenge_data/challengeData_2025-06-01_2025-10-08/page2.json,Topcoder Identity Service Tests Improvement Part 1,algo_coding,algo_coding,failed_tests,failed_tests,0.0,False,10.0,semantic_diff,contract_first->pattern_skeleton->failure_mode_first->multi_view->semantic_diff,5.0,2026-02-24T11:55:42.795983,2026-02-24T11:56:56.143859,73.347876,True,synthesized,/Users/karanallagh/Desktop/DataCollector/reports/experiments/universal_demo/generated_tests/29f79b9f-32ef-43e5-8298-1028dfbf1136.json,Statement looks like algorithmic I/O spec,io_signature_markers,algo_coding,unit_tests,0.0,True,/Users/karanallagh/Desktop/DataCollector/artifacts/self_verifying/universal_demo,/Users/karanallagh/Desktop/DataCollector/reports/experiments/universal_demo/unit_tests/29f79b9f-32ef-43e5-8298-1028dfbf1136.json,,,,,44d264f74d50afc409d124afc69dca7097ffd0f3bb1dca299e2061bd706212f9,"createRole_validInput,createRole_missingName,getUser_validUserId,getUser_invalidUserId,updateUser_validData",,18.0,False,,False,False
graph_degree_test,experiments_decomposition_benchmark_tasks.json,/Users/karanallagh/Desktop/DataCollector/experiments/decomposition/benchmark_tasks.json,Degree Map (test),algo_coding,algo_coding,failed_tests,failed_tests,0.0,False,10.0,semantic_diff,contract_first->pattern_skeleton->failure_mode_first->multi_view->semantic_diff,5.0,2026-02-24T11:56:56.144862,2026-02-24T11:57:31.599524,35.454662,True,provided,/Users/karanallagh/Desktop/DataCollector/reports/experiments/universal_demo/extracted_tests/graph_degree_test.json,Embedded tests found,metadata_tests,algo_coding,unit_tests,0.0,False,/Users/karanallagh/Desktop/DataCollector/artifacts/self_verifying/universal_demo,/Users/karanallagh/Desktop/DataCollector/reports/experiments/universal_demo/unit_tests/graph_degree_test.json,,,,,28bb4b22b791d684c93165572bd028c9665c7812af1096de8f618191ff494d2e,"sample_0,sample_1",,18.0,False,,False,False
65b7f3c8-06a6-422b-92d9-6353fa5c3a2d,challenge_data_challengeData_2025-06-01_2025-10-08_page1.json,/Users/karanallagh/Desktop/DataCollector/challenge_data/challengeData_2025-06-01_2025-10-08/page1.json,72 Hours!! - Topcoder Review App - API Integration for My Active Challenge Page,algo_coding,algo_coding,skipped_failed_synthesis,synthesis_failure,0.0,False,0.0,,,0.0,2026-02-24T11:57:31.601130,2026-02-24T11:57:49.444410,17.84328,False,,,Statement looks like algorithmic I/O spec,io_signature_markers,algo_coding,,0.0,False,/Users/karanallagh/Desktop/DataCollector/artifacts/self_verifying/universal_demo,,,,,,,,,0.0,False,,False,False
1ef1e3e9-30d9-4c36-b35f-ebede0ac438d,data_raw_tasks.csv,/Users/karanallagh/Desktop/DataCollector/data/raw/tasks.csv,"[GIG] Azure Integration Tech Lead –  Melbourne, Australia",algo_coding,algo_coding,skipped_failed_synthesis,synthesis_failure,0.0,False,0.0,,,0.0,2026-02-24T11:57:49.445800,2026-02-24T11:58:17.983244,28.537444,False,,,Statement looks like algorithmic I/O spec,io_signature_markers,algo_coding,,0.0,False,/Users/karanallagh/Desktop/DataCollector/artifacts/self_verifying/universal_demo,,,,,,,,,0.0,False,,False,False
5f695f88-8075-4e83-8727-100bf12c516e,data_raw_tasks.csv,/Users/karanallagh/Desktop/DataCollector/data/raw/tasks.csv,Topcoder Identity Service fixing login response issue and roles response issue,algo_coding,algo_coding,failed_tests,failed_tests,0.0,False,10.0,semantic_diff,contract_first->pattern_skeleton->failure_mode_first->multi_view->semantic_diff,5.0,2026-02-24T11:58:17.984565,2026-02-24T11:59:11.923717,53.939152,True,synthesized,/Users/karanallagh/Desktop/DataCollector/reports/experiments/universal_demo/generated_tests/5f695f88-8075-4e83-8727-100bf12c516e.json,Statement looks like algorithmic I/O spec,io_signature_markers,algo_coding,unit_tests,0.0,True,/Users/karanallagh/Desktop/DataCollector/artifacts/self_verifying/universal_demo,/Users/karanallagh/Desktop/DataCollector/reports/experiments/universal_demo/unit_tests/5f695f88-8075-4e83-8727-100bf12c516e.json,,,,,a72c407f11c60fcefb3bc7614abc2181f94310e1582c7fe1f74ede04b0cf5a31,"valid_login_response,invalid_login_response,role_lookup_valid_user,role_lookup_nonexistent_user,login_with_empty_credentials",,18.0,False,,False,False
ac7837cd-349d-4a6a-aa97-82f1d19ad557,data_processed_tasks.parquet,/Users/karanallagh/Desktop/DataCollector/data/processed/tasks.parquet,Topcoder Review API - Branch Merge and Code Fixes for Review API,algo_coding,algo_coding,failed_tests,failed_tests,0.0,False,10.0,semantic_diff,contract_first->pattern_skeleton->failure_mode_first->multi_view->semantic_diff,5.0,2026-02-24T11:59:11.924554,2026-02-24T12:00:25.707704,73.78315,True,synthesized,/Users/karanallagh/Desktop/DataCollector/reports/experiments/universal_demo/generated_tests/ac7837cd-349d-4a6a-aa97-82f1d19ad557.json,Statement looks like algorithmic I/O spec,io_signature_markers,algo_coding,unit_tests,0.0,True,/Users/karanallagh/Desktop/DataCollector/artifacts/self_verifying/universal_demo,/Users/karanallagh/Desktop/DataCollector/reports/experiments/universal_demo/unit_tests/ac7837cd-349d-4a6a-aa97-82f1d19ad557.json,,,,,425aff4674ab90f98fa81b48205357fe77e05674ccd93dc3b8100d28f8af552d,"merge_branch_and_resolve_conflicts,apply_resources_api_patch,fix_dependency_warning,fix_lint_errors,maintain_kafka_consumer",,18.0,False,,False,False
b094c72f-4e9c-4582-9f00-4eec70d7c687,challenge_data_challengeData_2025-06-01_2025-10-08_page1.json,/Users/karanallagh/Desktop/DataCollector/challenge_data/challengeData_2025-06-01_2025-10-08/page1.json,Test,insufficient_context,design_doc,completed_design_doc,success,0.0,False,0.0,,,0.0,2026-02-24T12:00:25.708436,2026-02-24T12:00:37.993347,12.284911,False,,,Insufficient details to act on,missing_statement,design_doc,rubric_design_doc,85.0,False,/Users/karanallagh/Desktop/DataCollector/artifacts/self_verifying/universal_demo,,/Users/karanallagh/Desktop/DataCollector/reports/experiments/universal_demo/deliverables/b094c72f-4e9c-4582-9f00-4eec70d7c687.md,,,/Users/karanallagh/Desktop/DataCollector/reports/experiments/universal_demo/rubric/b094c72f-4e9c-4582-9f00-4eec70d7c687_design_doc.json,,,,2.0,False,,False,True
array_sum_hard,experiments_decomposition_benchmark_tasks.json,/Users/karanallagh/Desktop/DataCollector/experiments/decomposition/benchmark_tasks.json,Array Sum (hard),algo_coding,algo_coding,success,success,1.0,True,1.0,contract_first,contract_first,0.0,2026-02-24T12:00:37.993698,2026-02-24T12:00:43.014145,5.020447,True,provided,/Users/karanallagh/Desktop/DataCollector/reports/experiments/universal_demo/extracted_tests/array_sum_hard.json,Embedded tests found,metadata_tests,algo_coding,unit_tests,100.0,False,/Users/karanallagh/Desktop/DataCollector/artifacts/self_verifying/universal_demo,/Users/karanallagh/Desktop/DataCollector/reports/experiments/universal_demo/unit_tests/array_sum_hard.json,,,,,,,,2.0,False,,True,False
e8231040-e63f-40c4-980c-eb815062aeec,data_processed_tasks.parquet,/Users/karanallagh/Desktop/DataCollector/data/processed/tasks.parquet,Topcoder Online Review - Logged out user is not shown as logged out in the uni nav on the List Project page,algo_coding,algo_coding,failed_tests,failed_tests,0.0,False,10.0,semantic_diff,contract_first->pattern_skeleton->failure_mode_first->multi_view->semantic_diff,5.0,2026-02-24T12:00:43.014372,2026-02-24T12:01:41.185248,58.170876,True,synthesized,/Users/karanallagh/Desktop/DataCollector/reports/experiments/universal_demo/generated_tests/e8231040-e63f-40c4-980c-eb815062aeec.json,Statement looks like algorithmic I/O spec,io_signature_markers,algo_coding,unit_tests,0.0,True,/Users/karanallagh/Desktop/DataCollector/artifacts/self_verifying/universal_demo,/Users/karanallagh/Desktop/DataCollector/reports/experiments/universal_demo/unit_tests/e8231040-e63f-40c4-980c-eb815062aeec.json,,,,,ee58ef494a1ac2f3ea0368fa0cdf39dbb6d55dc805f2fa8be058d1c77f606804,"logged_out_user_display,logged_in_user_display,session_timeout,multiple_logins,refresh_page_logged_out",,18.0,False,,False,False
92515220-cce4-4bfb-9def-a941e03e148a,challenge_data_challengeData_2023-01-01_2023-01-31_page1.json,/Users/karanallagh/Desktop/DataCollector/challenge_data/challengeData_2023-01-01_2023-01-31/page1.json,Topcoder Community App - Apply universal navigation to account settings page,repo_patch,repo_patch,completed_patch,success,0.0,False,0.0,,,0.0,2026-02-24T12:01:41.185946,2026-02-24T12:02:00.713741,19.527795,False,,,Looks like a repository/app maintenance task,repo_keywords,repo_patch,rubric_repo_patch,85.0,False,/Users/karanallagh/Desktop/DataCollector/artifacts/self_verifying/universal_demo,,/Users/karanallagh/Desktop/DataCollector/reports/experiments/universal_demo/deliverables/92515220-cce4-4bfb-9def-a941e03e148a_patch.md,/Users/karanallagh/Desktop/DataCollector/reports/experiments/universal_demo/patches/92515220-cce4-4bfb-9def-a941e03e148a.diff,/Users/karanallagh/Desktop/DataCollector/reports/experiments/universal_demo/repo_logs/92515220-cce4-4bfb-9def-a941e03e148a.json,/Users/karanallagh/Desktop/DataCollector/reports/experiments/universal_demo/rubric/92515220-cce4-4bfb-9def-a941e03e148a_repo_patch.json,,,,2.0,False,,False,True
5bdc4e5f-4ea0-402e-ab20-f6cfd1a49a72,challenge_data_challengeData_2023-01-01_2023-01-31_page1.json,/Users/karanallagh/Desktop/DataCollector/challenge_data/challengeData_2023-01-01_2023-01-31/page1.json,Topcoder O/R F2F - How to check the payment sent status,algo_coding,algo_coding,failed_tests,failed_tests,0.0,False,10.0,semantic_diff,contract_first->pattern_skeleton->failure_mode_first->multi_view->semantic_diff,5.0,2026-02-24T12:02:00.714401,2026-02-24T12:03:07.702806,66.988405,True,synthesized,/Users/karanallagh/Desktop/DataCollector/reports/experiments/universal_demo/generated_tests/5bdc4e5f-4ea0-402e-ab20-f6cfd1a49a72.json,Statement looks like algorithmic I/O spec,io_signature_markers,algo_coding,unit_tests,0.0,True,/Users/karanallagh/Desktop/DataCollector/artifacts/self_verifying/universal_demo,/Users/karanallagh/Desktop/DataCollector/reports/experiments/universal_demo/unit_tests/5bdc4e5f-4ea0-402e-ab20-f6cfd1a49a72.json,,,,,15be3393585aad43b86f1ffa935b855afaa82232744246b7e98baa6ffa0e8b40,"remove_view_link,remove_line_separator,no_change_to_other_elements,empty_paid_column,multiple_paid_columns",,18.0,False,,False,False
0c406e64-e1db-422b-ac9a-cdcf7523320f,challenge_data_challengeData_2025-06-01_2025-10-08_page1.json,/Users/karanallagh/Desktop/DataCollector/challenge_data/challengeData_2025-06-01_2025-10-08/page1.json,Topcoder Admin App - Consolidate Skills Manager,algo_coding,algo_coding,failed_tests,failed_tests,0.0,False,10.0,semantic_diff,contract_first->pattern_skeleton->failure_mode_first->multi_view->semantic_diff,5.0,2026-02-24T12:03:07.703604,2026-02-24T12:04:21.127421,73.423817,True,synthesized,/Users/karanallagh/Desktop/DataCollector/reports/experiments/universal_demo/generated_tests/0c406e64-e1db-422b-ac9a-cdcf7523320f.json,Statement looks like algorithmic I/O spec,io_signature_markers,algo_coding,unit_tests,0.0,True,/Users/karanallagh/Desktop/DataCollector/artifacts/self_verifying/universal_demo,/Users/karanallagh/Desktop/DataCollector/reports/experiments/universal_demo/unit_tests/0c406e64-e1db-422b-ac9a-cdcf7523320f.json,,,,,ae5ae711ca5bebfb7aa409f96a17c4d6fe3e34ca84032780a9c6eeb0ebc5fd20,"add_platform_tab,skills_link_functionality,roles_required_removal,config_cleanup_prod,config_cleanup_dev",,18.0,False,,False,False
30377279,challenge_data_demoData.json,/Users/karanallagh/Desktop/DataCollector/challenge_data/demoData.json,Test challenge 26_06,insufficient_context,design_doc,completed_design_doc,success,0.0,False,0.0,,,0.0,2026-02-24T12:04:21.128457,2026-02-24T12:04:29.828106,8.699649,False,,,Insufficient details to act on,missing_statement,design_doc,rubric_design_doc,85.0,False,/Users/karanallagh/Desktop/DataCollector/artifacts/self_verifying/universal_demo,,/Users/karanallagh/Desktop/DataCollector/reports/experiments/universal_demo/deliverables/30377279.md,,,/Users/karanallagh/Desktop/DataCollector/reports/experiments/universal_demo/rubric/30377279_design_doc.json,,,,2.0,False,,False,True
305e0763-dd63-4883-9133-55504503953d,data_processed_tasks.csv,/Users/karanallagh/Desktop/DataCollector/data/processed/tasks.csv,Hard | Topcoder Skill Builder Competition | ReactJS  | Annotations,algo_coding,algo_coding,failed_tests,failed_tests,0.0,False,10.0,semantic_diff,contract_first->pattern_skeleton->failure_mode_first->multi_view->semantic_diff,5.0,2026-02-24T12:04:29.828527,2026-02-24T12:05:43.145915,73.317388,True,synthesized,/Users/karanallagh/Desktop/DataCollector/reports/experiments/universal_demo/generated_tests/305e0763-dd63-4883-9133-55504503953d.json,Statement looks like algorithmic I/O spec,io_signature_markers,algo_coding,unit_tests,0.0,True,/Users/karanallagh/Desktop/DataCollector/artifacts/self_verifying/universal_demo,/Users/karanallagh/Desktop/DataCollector/reports/experiments/universal_demo/unit_tests/305e0763-dd63-4883-9133-55504503953d.json,,,,,3e70cd2064ed5b3ec52a954060346e6253dd988465310a444fee8fe150b54fb8,"create_learning_space_success,create_post_success,add_comment_success,upvote_post_success,downvote_comment_success",,18.0,False,,False,False
56b3df85-e4f4-40ab-a975-2a9e6810866e,data_processed_tasks.parquet,/Users/karanallagh/Desktop/DataCollector/data/processed/tasks.parquet,Topcoder Review API - Challenge and Resource API Integration,algo_coding,algo_coding,failed_tests,failed_tests,0.625,False,10.0,semantic_diff,contract_first->pattern_skeleton->failure_mode_first->multi_view->semantic_diff,5.0,2026-02-24T12:05:43.146478,2026-02-24T12:06:56.675459,73.528981,True,synthesized,/Users/karanallagh/Desktop/DataCollector/reports/experiments/universal_demo/generated_tests/56b3df85-e4f4-40ab-a975-2a9e6810866e.json,Statement looks like algorithmic I/O spec,io_signature_markers,algo_coding,unit_tests,62.5,True,/Users/karanallagh/Desktop/DataCollector/artifacts/self_verifying/universal_demo,/Users/karanallagh/Desktop/DataCollector/reports/experiments/universal_demo/unit_tests/56b3df85-e4f4-40ab-a975-2a9e6810866e.json,,,,,7b8968e750ca902c3a3c264d752533bb4c1c0719f08b39802d83a225a60c2c7f,"valid_user_with_active_challenges,user_with_multiple_roles,invalid_user_id",,18.0,False,,False,False
305e0763-dd63-4883-9133-55504503953d,data_raw_tasks.csv,/Users/karanallagh/Desktop/DataCollector/data/raw/tasks.csv,Hard | Topcoder Skill Builder Competition | ReactJS  | Annotations,algo_coding,algo_coding,failed_tests,failed_tests,0.0,False,10.0,semantic_diff,contract_first->pattern_skeleton->failure_mode_first->multi_view->semantic_diff,5.0,2026-02-24T12:06:56.676773,2026-02-24T12:08:04.258106,67.581333,True,synthesized,/Users/karanallagh/Desktop/DataCollector/reports/experiments/universal_demo/generated_tests/305e0763-dd63-4883-9133-55504503953d.json,Statement looks like algorithmic I/O spec,io_signature_markers,algo_coding,unit_tests,0.0,True,/Users/karanallagh/Desktop/DataCollector/artifacts/self_verifying/universal_demo,/Users/karanallagh/Desktop/DataCollector/reports/experiments/universal_demo/unit_tests/305e0763-dd63-4883-9133-55504503953d.json,,,,,005c973bc62df6599b59a10586e414beaa87358587e6f292f9048f969924fb7f,"create_learning_space_valid,create_learning_space_missing_fields,create_post_valid,create_post_invalid_markdown,add_comment_valid",,18.0,False,,False,False
faa95748-8dbe-4d5b-87e1-b96d8073e31c,challenge_data_challengeData_2023-01-01_2023-01-31_page1.json,/Users/karanallagh/Desktop/DataCollector/challenge_data/challengeData_2023-01-01_2023-01-31/page1.json,Topcoder Community App - 2 Round Challenge sporadically showing as 1 round,repo_patch,repo_patch,completed_patch,success,0.0,False,0.0,,,0.0,2026-02-24T12:08:04.258829,2026-02-24T12:08:23.032286,18.773457,False,,,Looks like a repository/app maintenance task,repo_keywords,repo_patch,rubric_repo_patch,85.0,False,/Users/karanallagh/Desktop/DataCollector/artifacts/self_verifying/universal_demo,,/Users/karanallagh/Desktop/DataCollector/reports/experiments/universal_demo/deliverables/faa95748-8dbe-4d5b-87e1-b96d8073e31c_patch.md,/Users/karanallagh/Desktop/DataCollector/reports/experiments/universal_demo/patches/faa95748-8dbe-4d5b-87e1-b96d8073e31c.diff,/Users/karanallagh/Desktop/DataCollector/reports/experiments/universal_demo/repo_logs/faa95748-8dbe-4d5b-87e1-b96d8073e31c.json,/Users/karanallagh/Desktop/DataCollector/reports/experiments/universal_demo/rubric/faa95748-8dbe-4d5b-87e1-b96d8073e31c_repo_patch.json,,,,2.0,False,,False,True
155973f9-8d1b-41d2-b55f-7e7950552118,data_processed_tasks.parquet,/Users/karanallagh/Desktop/DataCollector/data/processed/tasks.parquet,Developer Opportunity for FICO Falcon Engineer,algo_coding,algo_coding,failed_tests,failed_tests,0.0,False,10.0,semantic_diff,contract_first->pattern_skeleton->failure_mode_first->multi_view->semantic_diff,5.0,2026-02-24T12:08:23.032652,2026-02-24T12:09:22.596399,59.563747,True,synthesized,/Users/karanallagh/Desktop/DataCollector/reports/experiments/universal_demo/generated_tests/155973f9-8d1b-41d2-b55f-7e7950552118.json,Statement looks like algorithmic I/O spec,io_signature_markers,algo_coding,unit_tests,0.0,True,/Users/karanallagh/Desktop/DataCollector/artifacts/self_verifying/universal_demo,/Users/karanallagh/Desktop/DataCollector/reports/experiments/universal_demo/unit_tests/155973f9-8d1b-41d2-b55f-7e7950552118.json,,,,,905a91ee4a046c2504fe68923eea325c9481df20a5ad6edb223bad7b6cc80a4e,"basic_configuration,multi_tenant_setup,rule_deployment,performance_optimization,issue_resolution",,18.0,False,,False,False
30377081,challenge_data_demoData.json,/Users/karanallagh/Desktop/DataCollector/challenge_data/demoData.json,[GIG] Azure Integration Developer,algo_coding,algo_coding,failed_tests,failed_tests,0.0,False,10.0,semantic_diff,contract_first->pattern_skeleton->failure_mode_first->multi_view->semantic_diff,5.0,2026-02-24T12:09:22.597076,2026-02-24T12:10:28.943219,66.346143,True,synthesized,/Users/karanallagh/Desktop/DataCollector/reports/experiments/universal_demo/generated_tests/30377081.json,Statement looks like algorithmic I/O spec,io_signature_markers,algo_coding,unit_tests,0.0,True,/Users/karanallagh/Desktop/DataCollector/artifacts/self_verifying/universal_demo,/Users/karanallagh/Desktop/DataCollector/reports/experiments/universal_demo/unit_tests/30377081.json,,,,,acab7996c0ca82ecdd3f446ba6e089f871d8297d92d93c23b3a3093c8e322c04,"basic_integration_workflow,error_handling_integration,event_driven_workflow,service_bus_integration,ci_cd_pipeline_execution",,18.0,False,,False,False
91e34246-16b8-417d-8eb6-f7dc38c9b320,challenge_data_challengeData_2023-01-01_2023-01-31_page1.json,/Users/karanallagh/Desktop/DataCollector/challenge_data/challengeData_2023-01-01_2023-01-31/page1.json,"Rapid Development Match (RDM) - Practice Round, January 2023",algo_coding,algo_coding,failed_tests,failed_tests,0.0,False,10.0,semantic_diff,contract_first->pattern_skeleton->failure_mode_first->multi_view->semantic_diff,5.0,2026-02-24T12:10:28.943708,2026-02-24T12:11:07.454075,38.510367,True,statement,/Users/karanallagh/Desktop/DataCollector/reports/experiments/universal_demo/extracted_tests/91e34246-16b8-417d-8eb6-f7dc38c9b320.json,Embedded tests found,metadata_tests,algo_coding,unit_tests,0.0,False,/Users/karanallagh/Desktop/DataCollector/artifacts/self_verifying/universal_demo,/Users/karanallagh/Desktop/DataCollector/reports/experiments/universal_demo/unit_tests/91e34246-16b8-417d-8eb6-f7dc38c9b320.json,,,,,6cd47f87e0cfbd57cf67f3001d19f3f31c2fac496e73804c5c0af469ef532fb3,io_sample_1,,18.0,False,,False,False
f9403b29-37cc-47a3-bda0-80d4e592f5c5,data_raw_tasks.csv,/Users/karanallagh/Desktop/DataCollector/data/raw/tasks.csv,ePost RX Modernisation - Fix all failed test case and improve the coverage Part 2,repo_patch,repo_patch,completed_patch,success,0.0,False,0.0,,,0.0,2026-02-24T12:11:07.454568,2026-02-24T12:11:20.771950,13.317382,False,,,Looks like a repository/app maintenance task,repo_keywords,repo_patch,rubric_repo_patch,75.0,False,/Users/karanallagh/Desktop/DataCollector/artifacts/self_verifying/universal_demo,,/Users/karanallagh/Desktop/DataCollector/reports/experiments/universal_demo/deliverables/f9403b29-37cc-47a3-bda0-80d4e592f5c5_patch.md,/Users/karanallagh/Desktop/DataCollector/reports/experiments/universal_demo/patches/f9403b29-37cc-47a3-bda0-80d4e592f5c5.diff,/Users/karanallagh/Desktop/DataCollector/reports/experiments/universal_demo/repo_logs/f9403b29-37cc-47a3-bda0-80d4e592f5c5.json,/Users/karanallagh/Desktop/DataCollector/reports/experiments/universal_demo/rubric/f9403b29-37cc-47a3-bda0-80d4e592f5c5_repo_patch.json,,,,2.0,False,,False,True
bc753269-c2f1-48ad-b0c3-51857adae837,data_raw_tasks.csv,/Users/karanallagh/Desktop/DataCollector/data/raw/tasks.csv,Test Draft CH,insufficient_context,design_doc,completed_design_doc,success,0.0,False,0.0,,,0.0,2026-02-24T12:11:20.772297,2026-02-24T12:11:31.639750,10.867453,False,,,Insufficient details to act on,missing_statement,design_doc,rubric_design_doc,85.0,False,/Users/karanallagh/Desktop/DataCollector/artifacts/self_verifying/universal_demo,,/Users/karanallagh/Desktop/DataCollector/reports/experiments/universal_demo/deliverables/bc753269-c2f1-48ad-b0c3-51857adae837.md,,,/Users/karanallagh/Desktop/DataCollector/reports/experiments/universal_demo/rubric/bc753269-c2f1-48ad-b0c3-51857adae837_design_doc.json,,,,2.0,False,,False,True
number_primes_test,experiments_decomposition_benchmark_tasks.json,/Users/karanallagh/Desktop/DataCollector/experiments/decomposition/benchmark_tasks.json,Prime Count (test),algo_coding,algo_coding,success,success,1.0,True,1.0,contract_first,contract_first,0.0,2026-02-24T12:11:31.639888,2026-02-24T12:11:35.689538,4.04965,True,provided,/Users/karanallagh/Desktop/DataCollector/reports/experiments/universal_demo/extracted_tests/number_primes_test.json,Embedded tests found,metadata_tests,algo_coding,unit_tests,100.0,False,/Users/karanallagh/Desktop/DataCollector/artifacts/self_verifying/universal_demo,/Users/karanallagh/Desktop/DataCollector/reports/experiments/universal_demo/unit_tests/number_primes_test.json,,,,,,,,2.0,False,,True,False
