task_id,dataset_id,dataset_path,title,task_type,resolved_task_type,status,error_type,pass_rate,pass_at_final,attempt_count,strategy_used,fallback_path,stagnation_events,start_time,end_time,duration_seconds,tests_provided,tests_source,tests_path,router_rationale,router_heuristics,solver_used,solver_name,verifier_type,verifier_name,verifier_score,used_synthesized_tests,self_check_only,self_check_pass_rate,self_check_passed,memory_hint_count,memory_hints_retrieved,artifact_path,unit_test_report_path,deliverable_path,patch_path,repo_log_path,rubric_path,classification_path,verification_path,reflections_path,failure_signature,failing_tests,last_error,llm_calls_used,timed_out,timeout_reason,unit_test_success,deliverable_success
number_primes_test,experiments_decomposition_benchmark_tasks.json,/Users/karanallagh/Desktop/DataCollector/experiments/decomposition/benchmark_tasks.json,Prime Count (test),algo_coding,algo_coding,success,success,1.0,True,1.0,contract_first,contract_first,0.0,2026-02-24T18:41:15.499708,2026-02-24T18:41:15.501548,0.00184,True,provided,/Users/karanallagh/Desktop/DataCollector/reports/experiments/universal_demo_combined_mock/extracted_tests/number_primes_test.json,Executable tests were provided,metadata_tests,algo_coding,algo_coding,unit_tests,unit_tests,100.0,False,False,0.0,False,3,3,/Users/karanallagh/Desktop/DataCollector/artifacts/self_verifying/universal_demo_combined_mock,/Users/karanallagh/Desktop/DataCollector/reports/experiments/universal_demo_combined_mock/unit_tests/number_primes_test.json,,,,,,,,,,,2.0,False,,True,False
694f790b-9a05-494a-a679-212983382fba,challenge_data_challengeData_2025-06-01_2025-10-08_page2.json,/Users/karanallagh/Desktop/DataCollector/challenge_data/challengeData_2025-06-01_2025-10-08/page2.json,Message Center - QA and bug fixes,repo_patch,repo_patch,completed_patch,success,0.0,False,0.0,,,0.0,2026-02-24T18:41:15.709787,2026-02-24T18:41:15.726565,0.016778,False,n/a,,Looks like repository/app maintenance task,repo_keywords,repo_patch,repo_patch,rubric_repo_patch,repo_patch,69.0,False,False,0.0,False,3,3,/Users/karanallagh/Desktop/DataCollector/artifacts/self_verifying/universal_demo_combined_mock,,/Users/karanallagh/Desktop/DataCollector/reports/experiments/universal_demo_combined_mock/deliverables/694f790b-9a05-494a-a679-212983382fba_patch.md,/Users/karanallagh/Desktop/DataCollector/reports/experiments/universal_demo_combined_mock/patches/694f790b-9a05-494a-a679-212983382fba.diff,/Users/karanallagh/Desktop/DataCollector/reports/experiments/universal_demo_combined_mock/repo_logs/694f790b-9a05-494a-a679-212983382fba.json,/Users/karanallagh/Desktop/DataCollector/reports/experiments/universal_demo_combined_mock/rubric/694f790b-9a05-494a-a679-212983382fba_repo_patch.json,,,,,,,0.0,False,,False,True
97745303-0ae1-4196-87db-3a03c1909b13,challenge_data_challengeData_2023-01-01_2023-01-31_page1.json,/Users/karanallagh/Desktop/DataCollector/challenge_data/challengeData_2023-01-01_2023-01-31/page1.json,Topcoder O/R F2F - Submissions Tab has Winners Marked in it but shouldn't,data_etl,data_etl,completed_data_etl,success,0.0,False,0.0,,,0.0,2026-02-24T18:41:15.919269,2026-02-24T18:41:15.932494,0.013225,False,n/a,,Mentions ETL/pipeline terminology,data_etl_keywords,data_etl,data_etl,rubric_data_etl,data_etl,100.0,False,False,0.0,False,3,3,/Users/karanallagh/Desktop/DataCollector/artifacts/self_verifying/universal_demo_combined_mock,,/Users/karanallagh/Desktop/DataCollector/reports/experiments/universal_demo_combined_mock/deliverables/97745303-0ae1-4196-87db-3a03c1909b13_etl.md,,,/Users/karanallagh/Desktop/DataCollector/reports/experiments/universal_demo_combined_mock/rubric/97745303-0ae1-4196-87db-3a03c1909b13_data_etl.json,,,,,,,0.0,False,,False,True
4fea455b-76f7-4e66-80a6-98b667d98670,data_processed_tasks.csv,/Users/karanallagh/Desktop/DataCollector/data/processed/tasks.csv,Topcoder O/R F2F - Members cannot download submissions anymore,data_etl,data_etl,completed_data_etl,success,0.0,False,0.0,,,0.0,2026-02-24T18:41:16.121362,2026-02-24T18:41:16.132123,0.010761,False,n/a,,Mentions ETL/pipeline terminology,"function_signature,data_etl_keywords",data_etl,data_etl,rubric_data_etl,data_etl,100.0,False,False,0.0,False,3,3,/Users/karanallagh/Desktop/DataCollector/artifacts/self_verifying/universal_demo_combined_mock,,/Users/karanallagh/Desktop/DataCollector/reports/experiments/universal_demo_combined_mock/deliverables/4fea455b-76f7-4e66-80a6-98b667d98670_etl.md,,,/Users/karanallagh/Desktop/DataCollector/reports/experiments/universal_demo_combined_mock/rubric/4fea455b-76f7-4e66-80a6-98b667d98670_data_etl.json,,,,,,,0.0,False,,False,True
string_freq,experiments_decomposition_benchmark_tasks.json,/Users/karanallagh/Desktop/DataCollector/experiments/decomposition/benchmark_tasks.json,Char Frequency,algo_coding,algo_coding,success,success,1.0,True,1.0,contract_first,contract_first,0.0,2026-02-24T18:41:16.323173,2026-02-24T18:41:16.334772,0.011599,True,provided,/Users/karanallagh/Desktop/DataCollector/reports/experiments/universal_demo_combined_mock/extracted_tests/string_freq.json,Executable tests were provided,metadata_tests,algo_coding,algo_coding,unit_tests,unit_tests,100.0,False,False,0.0,False,3,3,/Users/karanallagh/Desktop/DataCollector/artifacts/self_verifying/universal_demo_combined_mock,/Users/karanallagh/Desktop/DataCollector/reports/experiments/universal_demo_combined_mock/unit_tests/string_freq.json,,,,,,,,,,,2.0,False,,True,False
array_prefix_ood,experiments_decomposition_benchmark_tasks.json,/Users/karanallagh/Desktop/DataCollector/experiments/decomposition/benchmark_tasks.json,Prefix Sum (ood),algo_coding,algo_coding,success,success,1.0,True,1.0,contract_first,contract_first,0.0,2026-02-24T18:41:16.524246,2026-02-24T18:41:16.535509,0.011263,True,provided,/Users/karanallagh/Desktop/DataCollector/reports/experiments/universal_demo_combined_mock/extracted_tests/array_prefix_ood.json,Executable tests were provided,metadata_tests,algo_coding,algo_coding,unit_tests,unit_tests,100.0,False,False,0.0,False,3,3,/Users/karanallagh/Desktop/DataCollector/artifacts/self_verifying/universal_demo_combined_mock,/Users/karanallagh/Desktop/DataCollector/reports/experiments/universal_demo_combined_mock/unit_tests/array_prefix_ood.json,,,,,,,,,,,2.0,False,,True,False
29f79b9f-32ef-43e5-8298-1028dfbf1136,challenge_data_challengeData_2025-06-01_2025-10-08_page2.json,/Users/karanallagh/Desktop/DataCollector/challenge_data/challengeData_2025-06-01_2025-10-08/page2.json,Topcoder Identity Service Tests Improvement Part 1,data_etl,data_etl,completed_data_etl,success,0.0,False,0.0,,,0.0,2026-02-24T18:41:16.729454,2026-02-24T18:41:16.741440,0.011986,False,n/a,,Mentions ETL/pipeline terminology,data_etl_keywords,data_etl,data_etl,rubric_data_etl,data_etl,100.0,False,False,0.0,False,3,3,/Users/karanallagh/Desktop/DataCollector/artifacts/self_verifying/universal_demo_combined_mock,,/Users/karanallagh/Desktop/DataCollector/reports/experiments/universal_demo_combined_mock/deliverables/29f79b9f-32ef-43e5-8298-1028dfbf1136_etl.md,,,/Users/karanallagh/Desktop/DataCollector/reports/experiments/universal_demo_combined_mock/rubric/29f79b9f-32ef-43e5-8298-1028dfbf1136_data_etl.json,,,,,,,0.0,False,,False,True
65b7f3c8-06a6-422b-92d9-6353fa5c3a2d,challenge_data_challengeData_2025-06-01_2025-10-08_page1.json,/Users/karanallagh/Desktop/DataCollector/challenge_data/challengeData_2025-06-01_2025-10-08/page1.json,72 Hours!! - Topcoder Review App - API Integration for My Active Challenge Page,data_etl,data_etl,completed_data_etl,success,0.0,False,0.0,,,0.0,2026-02-24T18:41:16.933566,2026-02-24T18:41:16.946663,0.013097,False,n/a,,Mentions ETL/pipeline terminology,"function_signature,data_etl_keywords",data_etl,data_etl,rubric_data_etl,data_etl,100.0,False,False,0.0,False,3,3,/Users/karanallagh/Desktop/DataCollector/artifacts/self_verifying/universal_demo_combined_mock,,/Users/karanallagh/Desktop/DataCollector/reports/experiments/universal_demo_combined_mock/deliverables/65b7f3c8-06a6-422b-92d9-6353fa5c3a2d_etl.md,,,/Users/karanallagh/Desktop/DataCollector/reports/experiments/universal_demo_combined_mock/rubric/65b7f3c8-06a6-422b-92d9-6353fa5c3a2d_data_etl.json,,,,,,,0.0,False,,False,True
ac7837cd-349d-4a6a-aa97-82f1d19ad557,data_raw_tasks.csv,/Users/karanallagh/Desktop/DataCollector/data/raw/tasks.csv,Topcoder Review API - Branch Merge and Code Fixes for Review API,api_backend,api_backend,completed_patch,success,0.0,False,0.0,,,0.0,2026-02-24T18:41:17.139867,2026-02-24T18:41:17.157794,0.017927,False,n/a,,Describes backend/API endpoints,api_keywords,repo_patch,repo_patch,rubric_repo_patch,repo_patch,77.0,False,False,0.0,False,3,3,/Users/karanallagh/Desktop/DataCollector/artifacts/self_verifying/universal_demo_combined_mock,,/Users/karanallagh/Desktop/DataCollector/reports/experiments/universal_demo_combined_mock/deliverables/ac7837cd-349d-4a6a-aa97-82f1d19ad557_patch.md,/Users/karanallagh/Desktop/DataCollector/reports/experiments/universal_demo_combined_mock/patches/ac7837cd-349d-4a6a-aa97-82f1d19ad557.diff,/Users/karanallagh/Desktop/DataCollector/reports/experiments/universal_demo_combined_mock/repo_logs/ac7837cd-349d-4a6a-aa97-82f1d19ad557.json,/Users/karanallagh/Desktop/DataCollector/reports/experiments/universal_demo_combined_mock/rubric/ac7837cd-349d-4a6a-aa97-82f1d19ad557_repo_patch.json,,,,,,,0.0,False,,False,True
b094c72f-4e9c-4582-9f00-4eec70d7c687,challenge_data_challengeData_2025-06-01_2025-10-08_page1.json,/Users/karanallagh/Desktop/DataCollector/challenge_data/challengeData_2025-06-01_2025-10-08/page1.json,Test,non_actionable,architecture_doc,completed_architecture_doc,success,0.0,False,0.0,,,0.0,2026-02-24T18:41:17.349941,2026-02-24T18:41:17.362253,0.012312,False,n/a,,Insufficient details to act on,missing_statement,architecture_doc,architecture_doc,rubric_architecture_doc,architecture_doc,100.0,False,False,0.0,False,3,3,/Users/karanallagh/Desktop/DataCollector/artifacts/self_verifying/universal_demo_combined_mock,,/Users/karanallagh/Desktop/DataCollector/reports/experiments/universal_demo_combined_mock/deliverables/b094c72f-4e9c-4582-9f00-4eec70d7c687.md,,,/Users/karanallagh/Desktop/DataCollector/reports/experiments/universal_demo_combined_mock/rubric/b094c72f-4e9c-4582-9f00-4eec70d7c687_architecture_doc.json,,,,,,,0.0,False,,False,True
37515489-2139-4996-9fe6-4ed09ce637be,data_raw_tasks.csv,/Users/karanallagh/Desktop/DataCollector/data/raw/tasks.csv,test chlng,non_actionable,architecture_doc,completed_architecture_doc,success,0.0,False,0.0,,,0.0,2026-02-24T18:41:17.553113,2026-02-24T18:41:17.564402,0.011289,False,n/a,,Insufficient details to act on,missing_statement,architecture_doc,architecture_doc,rubric_architecture_doc,architecture_doc,100.0,False,False,0.0,False,3,3,/Users/karanallagh/Desktop/DataCollector/artifacts/self_verifying/universal_demo_combined_mock,,/Users/karanallagh/Desktop/DataCollector/reports/experiments/universal_demo_combined_mock/deliverables/37515489-2139-4996-9fe6-4ed09ce637be.md,,,/Users/karanallagh/Desktop/DataCollector/reports/experiments/universal_demo_combined_mock/rubric/37515489-2139-4996-9fe6-4ed09ce637be_architecture_doc.json,,,,,,,0.0,False,,False,True
e8231040-e63f-40c4-980c-eb815062aeec,data_raw_tasks.csv,/Users/karanallagh/Desktop/DataCollector/data/raw/tasks.csv,Topcoder Online Review - Logged out user is not shown as logged out in the uni nav on the List Project page,data_etl,data_etl,completed_data_etl,success,0.0,False,0.0,,,0.0,2026-02-24T18:41:17.760345,2026-02-24T18:41:17.773466,0.013121,False,n/a,,Mentions ETL/pipeline terminology,data_etl_keywords,data_etl,data_etl,rubric_data_etl,data_etl,100.0,False,False,0.0,False,3,3,/Users/karanallagh/Desktop/DataCollector/artifacts/self_verifying/universal_demo_combined_mock,,/Users/karanallagh/Desktop/DataCollector/reports/experiments/universal_demo_combined_mock/deliverables/e8231040-e63f-40c4-980c-eb815062aeec_etl.md,,,/Users/karanallagh/Desktop/DataCollector/reports/experiments/universal_demo_combined_mock/rubric/e8231040-e63f-40c4-980c-eb815062aeec_data_etl.json,,,,,,,0.0,False,,False,True
92515220-cce4-4bfb-9def-a941e03e148a,challenge_data_challengeData_2023-01-01_2023-01-31_page1.json,/Users/karanallagh/Desktop/DataCollector/challenge_data/challengeData_2023-01-01_2023-01-31/page1.json,Topcoder Community App - Apply universal navigation to account settings page,api_backend,api_backend,completed_patch,success,0.0,False,0.0,,,0.0,2026-02-24T18:41:17.970388,2026-02-24T18:41:17.988542,0.018154,False,n/a,,Describes backend/API endpoints,api_keywords,repo_patch,repo_patch,rubric_repo_patch,repo_patch,69.0,False,False,0.0,False,3,3,/Users/karanallagh/Desktop/DataCollector/artifacts/self_verifying/universal_demo_combined_mock,,/Users/karanallagh/Desktop/DataCollector/reports/experiments/universal_demo_combined_mock/deliverables/92515220-cce4-4bfb-9def-a941e03e148a_patch.md,/Users/karanallagh/Desktop/DataCollector/reports/experiments/universal_demo_combined_mock/patches/92515220-cce4-4bfb-9def-a941e03e148a.diff,/Users/karanallagh/Desktop/DataCollector/reports/experiments/universal_demo_combined_mock/repo_logs/92515220-cce4-4bfb-9def-a941e03e148a.json,/Users/karanallagh/Desktop/DataCollector/reports/experiments/universal_demo_combined_mock/rubric/92515220-cce4-4bfb-9def-a941e03e148a_repo_patch.json,,,,,,,0.0,False,,False,True
5bdc4e5f-4ea0-402e-ab20-f6cfd1a49a72,challenge_data_challengeData_2023-01-01_2023-01-31_page1.json,/Users/karanallagh/Desktop/DataCollector/challenge_data/challengeData_2023-01-01_2023-01-31/page1.json,Topcoder O/R F2F - How to check the payment sent status,data_etl,data_etl,completed_data_etl,success,0.0,False,0.0,,,0.0,2026-02-24T18:41:18.177001,2026-02-24T18:41:18.187740,0.010739,False,n/a,,Mentions ETL/pipeline terminology,data_etl_keywords,data_etl,data_etl,rubric_data_etl,data_etl,100.0,False,False,0.0,False,3,3,/Users/karanallagh/Desktop/DataCollector/artifacts/self_verifying/universal_demo_combined_mock,,/Users/karanallagh/Desktop/DataCollector/reports/experiments/universal_demo_combined_mock/deliverables/5bdc4e5f-4ea0-402e-ab20-f6cfd1a49a72_etl.md,,,/Users/karanallagh/Desktop/DataCollector/reports/experiments/universal_demo_combined_mock/rubric/5bdc4e5f-4ea0-402e-ab20-f6cfd1a49a72_data_etl.json,,,,,,,0.0,False,,False,True
0c406e64-e1db-422b-ac9a-cdcf7523320f,challenge_data_challengeData_2025-06-01_2025-10-08_page1.json,/Users/karanallagh/Desktop/DataCollector/challenge_data/challengeData_2025-06-01_2025-10-08/page1.json,Topcoder Admin App - Consolidate Skills Manager,data_etl,data_etl,completed_data_etl,success,0.0,False,0.0,,,0.0,2026-02-24T18:41:18.385343,2026-02-24T18:41:18.398932,0.013589,False,n/a,,Mentions ETL/pipeline terminology,data_etl_keywords,data_etl,data_etl,rubric_data_etl,data_etl,100.0,False,False,0.0,False,3,3,/Users/karanallagh/Desktop/DataCollector/artifacts/self_verifying/universal_demo_combined_mock,,/Users/karanallagh/Desktop/DataCollector/reports/experiments/universal_demo_combined_mock/deliverables/0c406e64-e1db-422b-ac9a-cdcf7523320f_etl.md,,,/Users/karanallagh/Desktop/DataCollector/reports/experiments/universal_demo_combined_mock/rubric/0c406e64-e1db-422b-ac9a-cdcf7523320f_data_etl.json,,,,,,,0.0,False,,False,True
30377279,challenge_data_demoData.json,/Users/karanallagh/Desktop/DataCollector/challenge_data/demoData.json,Test challenge 26_06,non_actionable,architecture_doc,completed_architecture_doc,success,0.0,False,0.0,,,0.0,2026-02-24T18:41:18.592010,2026-02-24T18:41:18.602397,0.010387,False,n/a,,Insufficient details to act on,missing_statement,architecture_doc,architecture_doc,rubric_architecture_doc,architecture_doc,100.0,False,False,0.0,False,3,3,/Users/karanallagh/Desktop/DataCollector/artifacts/self_verifying/universal_demo_combined_mock,,/Users/karanallagh/Desktop/DataCollector/reports/experiments/universal_demo_combined_mock/deliverables/30377279.md,,,/Users/karanallagh/Desktop/DataCollector/reports/experiments/universal_demo_combined_mock/rubric/30377279_architecture_doc.json,,,,,,,0.0,False,,False,True
305e0763-dd63-4883-9133-55504503953d,data_processed_tasks.csv,/Users/karanallagh/Desktop/DataCollector/data/processed/tasks.csv,Hard | Topcoder Skill Builder Competition | ReactJS  | Annotations,data_etl,data_etl,completed_data_etl,success,0.0,False,0.0,,,0.0,2026-02-24T18:41:18.802111,2026-02-24T18:41:18.817740,0.015629,False,n/a,,Mentions ETL/pipeline terminology,data_etl_keywords,data_etl,data_etl,rubric_data_etl,data_etl,100.0,False,False,0.0,False,3,3,/Users/karanallagh/Desktop/DataCollector/artifacts/self_verifying/universal_demo_combined_mock,,/Users/karanallagh/Desktop/DataCollector/reports/experiments/universal_demo_combined_mock/deliverables/305e0763-dd63-4883-9133-55504503953d_etl.md,,,/Users/karanallagh/Desktop/DataCollector/reports/experiments/universal_demo_combined_mock/rubric/305e0763-dd63-4883-9133-55504503953d_data_etl.json,,,,,,,0.0,False,,False,True
56b3df85-e4f4-40ab-a975-2a9e6810866e,data_raw_tasks.csv,/Users/karanallagh/Desktop/DataCollector/data/raw/tasks.csv,Topcoder Review API - Challenge and Resource API Integration,data_etl,data_etl,completed_data_etl,success,0.0,False,0.0,,,0.0,2026-02-24T18:41:19.012144,2026-02-24T18:41:19.028398,0.016254,False,n/a,,Mentions ETL/pipeline terminology,data_etl_keywords,data_etl,data_etl,rubric_data_etl,data_etl,100.0,False,False,0.0,False,3,3,/Users/karanallagh/Desktop/DataCollector/artifacts/self_verifying/universal_demo_combined_mock,,/Users/karanallagh/Desktop/DataCollector/reports/experiments/universal_demo_combined_mock/deliverables/56b3df85-e4f4-40ab-a975-2a9e6810866e_etl.md,,,/Users/karanallagh/Desktop/DataCollector/reports/experiments/universal_demo_combined_mock/rubric/56b3df85-e4f4-40ab-a975-2a9e6810866e_data_etl.json,,,,,,,0.0,False,,False,True
array_sum_stress,experiments_decomposition_benchmark_tasks.json,/Users/karanallagh/Desktop/DataCollector/experiments/decomposition/benchmark_tasks.json,Array Sum (stress),algo_coding,algo_coding,success,success,1.0,True,1.0,contract_first,contract_first,0.0,2026-02-24T18:41:19.213275,2026-02-24T18:41:19.225396,0.012121,True,provided,/Users/karanallagh/Desktop/DataCollector/reports/experiments/universal_demo_combined_mock/extracted_tests/array_sum_stress.json,Executable tests were provided,metadata_tests,algo_coding,algo_coding,unit_tests,unit_tests,100.0,False,False,0.0,False,3,3,/Users/karanallagh/Desktop/DataCollector/artifacts/self_verifying/universal_demo_combined_mock,/Users/karanallagh/Desktop/DataCollector/reports/experiments/universal_demo_combined_mock/unit_tests/array_sum_stress.json,,,,,,,,,,,2.0,False,,True,False
faa95748-8dbe-4d5b-87e1-b96d8073e31c,challenge_data_challengeData_2023-01-01_2023-01-31_page1.json,/Users/karanallagh/Desktop/DataCollector/challenge_data/challengeData_2023-01-01_2023-01-31/page1.json,Topcoder Community App - 2 Round Challenge sporadically showing as 1 round,api_backend,api_backend,completed_patch,success,0.0,False,0.0,,,0.0,2026-02-24T18:41:19.423356,2026-02-24T18:41:19.438117,0.014761,False,n/a,,Describes backend/API endpoints,api_keywords,repo_patch,repo_patch,rubric_repo_patch,repo_patch,69.0,False,False,0.0,False,3,3,/Users/karanallagh/Desktop/DataCollector/artifacts/self_verifying/universal_demo_combined_mock,,/Users/karanallagh/Desktop/DataCollector/reports/experiments/universal_demo_combined_mock/deliverables/faa95748-8dbe-4d5b-87e1-b96d8073e31c_patch.md,/Users/karanallagh/Desktop/DataCollector/reports/experiments/universal_demo_combined_mock/patches/faa95748-8dbe-4d5b-87e1-b96d8073e31c.diff,/Users/karanallagh/Desktop/DataCollector/reports/experiments/universal_demo_combined_mock/repo_logs/faa95748-8dbe-4d5b-87e1-b96d8073e31c.json,/Users/karanallagh/Desktop/DataCollector/reports/experiments/universal_demo_combined_mock/rubric/faa95748-8dbe-4d5b-87e1-b96d8073e31c_repo_patch.json,,,,,,,0.0,False,,False,True
155973f9-8d1b-41d2-b55f-7e7950552118,data_raw_tasks.csv,/Users/karanallagh/Desktop/DataCollector/data/raw/tasks.csv,Developer Opportunity for FICO Falcon Engineer,data_etl,data_etl,completed_data_etl,success,0.0,False,0.0,,,0.0,2026-02-24T18:41:19.625073,2026-02-24T18:41:19.637141,0.012068,False,n/a,,Mentions ETL/pipeline terminology,data_etl_keywords,data_etl,data_etl,rubric_data_etl,data_etl,100.0,False,False,0.0,False,3,3,/Users/karanallagh/Desktop/DataCollector/artifacts/self_verifying/universal_demo_combined_mock,,/Users/karanallagh/Desktop/DataCollector/reports/experiments/universal_demo_combined_mock/deliverables/155973f9-8d1b-41d2-b55f-7e7950552118_etl.md,,,/Users/karanallagh/Desktop/DataCollector/reports/experiments/universal_demo_combined_mock/rubric/155973f9-8d1b-41d2-b55f-7e7950552118_data_etl.json,,,,,,,0.0,False,,False,True
30377081,challenge_data_demoData.json,/Users/karanallagh/Desktop/DataCollector/challenge_data/demoData.json,[GIG] Azure Integration Developer,api_backend,api_backend,completed_patch,success,0.0,False,0.0,,,0.0,2026-02-24T18:41:19.834386,2026-02-24T18:41:19.850820,0.016434,False,n/a,,Describes backend/API endpoints,api_keywords,repo_patch,repo_patch,rubric_repo_patch,repo_patch,69.0,False,False,0.0,False,3,3,/Users/karanallagh/Desktop/DataCollector/artifacts/self_verifying/universal_demo_combined_mock,,/Users/karanallagh/Desktop/DataCollector/reports/experiments/universal_demo_combined_mock/deliverables/30377081_patch.md,/Users/karanallagh/Desktop/DataCollector/reports/experiments/universal_demo_combined_mock/patches/30377081.diff,/Users/karanallagh/Desktop/DataCollector/reports/experiments/universal_demo_combined_mock/repo_logs/30377081.json,/Users/karanallagh/Desktop/DataCollector/reports/experiments/universal_demo_combined_mock/rubric/30377081_repo_patch.json,,,,,,,0.0,False,,False,True
b0e66fb3-6bce-48c8-929f-9d8bebc76885,data_raw_tasks.csv,/Users/karanallagh/Desktop/DataCollector/data/raw/tasks.csv,Topcoder Community App - Remove perpetual scrolling on Activity Feed page while logged out,api_backend,api_backend,completed_patch,success,0.0,False,0.0,,,0.0,2026-02-24T18:41:20.043666,2026-02-24T18:41:20.058550,0.014884,False,n/a,,Describes backend/API endpoints,api_keywords,repo_patch,repo_patch,rubric_repo_patch,repo_patch,69.0,False,False,0.0,False,3,3,/Users/karanallagh/Desktop/DataCollector/artifacts/self_verifying/universal_demo_combined_mock,,/Users/karanallagh/Desktop/DataCollector/reports/experiments/universal_demo_combined_mock/deliverables/b0e66fb3-6bce-48c8-929f-9d8bebc76885_patch.md,/Users/karanallagh/Desktop/DataCollector/reports/experiments/universal_demo_combined_mock/patches/b0e66fb3-6bce-48c8-929f-9d8bebc76885.diff,/Users/karanallagh/Desktop/DataCollector/reports/experiments/universal_demo_combined_mock/repo_logs/b0e66fb3-6bce-48c8-929f-9d8bebc76885.json,/Users/karanallagh/Desktop/DataCollector/reports/experiments/universal_demo_combined_mock/rubric/b0e66fb3-6bce-48c8-929f-9d8bebc76885_repo_patch.json,,,,,,,0.0,False,,False,True
30377290,challenge_data_demoData.json,/Users/karanallagh/Desktop/DataCollector/challenge_data/demoData.json,"Native Language Specialists – Japanese, Korean, and French (3-Month GIG Contract)",api_backend,api_backend,completed_patch,success,0.0,False,0.0,,,0.0,2026-02-24T18:41:20.253739,2026-02-24T18:41:20.269623,0.015884,False,n/a,,Describes backend/API endpoints,api_keywords,repo_patch,repo_patch,rubric_repo_patch,repo_patch,69.0,False,False,0.0,False,3,3,/Users/karanallagh/Desktop/DataCollector/artifacts/self_verifying/universal_demo_combined_mock,,/Users/karanallagh/Desktop/DataCollector/reports/experiments/universal_demo_combined_mock/deliverables/30377290_patch.md,/Users/karanallagh/Desktop/DataCollector/reports/experiments/universal_demo_combined_mock/patches/30377290.diff,/Users/karanallagh/Desktop/DataCollector/reports/experiments/universal_demo_combined_mock/repo_logs/30377290.json,/Users/karanallagh/Desktop/DataCollector/reports/experiments/universal_demo_combined_mock/rubric/30377290_repo_patch.json,,,,,,,0.0,False,,False,True
3f1b97ff-4c7e-48e9-a878-e179c630e018,data_raw_tasks.csv,/Users/karanallagh/Desktop/DataCollector/data/raw/tasks.csv,"Topcoder Community App - Universal Nav: Different ""type"" for /thrive path",api_backend,api_backend,completed_patch,success,0.0,False,0.0,,,0.0,2026-02-24T18:41:20.463784,2026-02-24T18:41:20.480594,0.01681,False,n/a,,Describes backend/API endpoints,api_keywords,repo_patch,repo_patch,rubric_repo_patch,repo_patch,69.0,False,False,0.0,False,3,3,/Users/karanallagh/Desktop/DataCollector/artifacts/self_verifying/universal_demo_combined_mock,,/Users/karanallagh/Desktop/DataCollector/reports/experiments/universal_demo_combined_mock/deliverables/3f1b97ff-4c7e-48e9-a878-e179c630e018_patch.md,/Users/karanallagh/Desktop/DataCollector/reports/experiments/universal_demo_combined_mock/patches/3f1b97ff-4c7e-48e9-a878-e179c630e018.diff,/Users/karanallagh/Desktop/DataCollector/reports/experiments/universal_demo_combined_mock/repo_logs/3f1b97ff-4c7e-48e9-a878-e179c630e018.json,/Users/karanallagh/Desktop/DataCollector/reports/experiments/universal_demo_combined_mock/rubric/3f1b97ff-4c7e-48e9-a878-e179c630e018_repo_patch.json,,,,,,,0.0,False,,False,True
c8bb4b8f-d9c5-48d8-b37e-e165cf4cd5f6,data_raw_tasks.csv,/Users/karanallagh/Desktop/DataCollector/data/raw/tasks.csv,Test challenge,non_actionable,architecture_doc,completed_architecture_doc,success,0.0,False,0.0,,,0.0,2026-02-24T18:41:20.672406,2026-02-24T18:41:20.680864,0.008458,False,n/a,,Insufficient details to act on,missing_statement,architecture_doc,architecture_doc,rubric_architecture_doc,architecture_doc,100.0,False,False,0.0,False,3,3,/Users/karanallagh/Desktop/DataCollector/artifacts/self_verifying/universal_demo_combined_mock,,/Users/karanallagh/Desktop/DataCollector/reports/experiments/universal_demo_combined_mock/deliverables/c8bb4b8f-d9c5-48d8-b37e-e165cf4cd5f6.md,,,/Users/karanallagh/Desktop/DataCollector/reports/experiments/universal_demo_combined_mock/rubric/c8bb4b8f-d9c5-48d8-b37e-e165cf4cd5f6_architecture_doc.json,,,,,,,0.0,False,,False,True
7daca42b-c37f-477b-96db-153000825d83,data_processed_tasks.csv,/Users/karanallagh/Desktop/DataCollector/data/processed/tasks.csv,Topcoder O/R F2F - Topgear Scorecard Issue,data_etl,data_etl,completed_data_etl,success,0.0,False,0.0,,,0.0,2026-02-24T18:41:20.873524,2026-02-24T18:41:20.886124,0.0126,False,n/a,,Mentions ETL/pipeline terminology,data_etl_keywords,data_etl,data_etl,rubric_data_etl,data_etl,100.0,False,False,0.0,False,3,3,/Users/karanallagh/Desktop/DataCollector/artifacts/self_verifying/universal_demo_combined_mock,,/Users/karanallagh/Desktop/DataCollector/reports/experiments/universal_demo_combined_mock/deliverables/7daca42b-c37f-477b-96db-153000825d83_etl.md,,,/Users/karanallagh/Desktop/DataCollector/reports/experiments/universal_demo_combined_mock/rubric/7daca42b-c37f-477b-96db-153000825d83_data_etl.json,,,,,,,0.0,False,,False,True
array_prefix,experiments_decomposition_benchmark_tasks.json,/Users/karanallagh/Desktop/DataCollector/experiments/decomposition/benchmark_tasks.json,Prefix Sum,algo_coding,algo_coding,success,success,1.0,True,1.0,contract_first,contract_first,0.0,2026-02-24T18:41:21.076237,2026-02-24T18:41:21.087400,0.011163,True,provided,/Users/karanallagh/Desktop/DataCollector/reports/experiments/universal_demo_combined_mock/extracted_tests/array_prefix.json,Executable tests were provided,metadata_tests,algo_coding,algo_coding,unit_tests,unit_tests,100.0,False,False,0.0,False,3,3,/Users/karanallagh/Desktop/DataCollector/artifacts/self_verifying/universal_demo_combined_mock,/Users/karanallagh/Desktop/DataCollector/reports/experiments/universal_demo_combined_mock/unit_tests/array_prefix.json,,,,,,,,,,,2.0,False,,True,False
4ecc36e0-b1d5-4d9d-81dd-616ad6fbdd8d,challenge_data_challengeData_2025-06-01_2025-10-08_page3.json,/Users/karanallagh/Desktop/DataCollector/challenge_data/challengeData_2025-06-01_2025-10-08/page3.json,96 Hours Topcoder Identity Service Fixing issues found in UserController,data_etl,data_etl,completed_data_etl,success,0.0,False,0.0,,,0.0,2026-02-24T18:41:21.285146,2026-02-24T18:41:21.297718,0.012572,False,n/a,,Mentions ETL/pipeline terminology,data_etl_keywords,data_etl,data_etl,rubric_data_etl,data_etl,100.0,False,False,0.0,False,3,3,/Users/karanallagh/Desktop/DataCollector/artifacts/self_verifying/universal_demo_combined_mock,,/Users/karanallagh/Desktop/DataCollector/reports/experiments/universal_demo_combined_mock/deliverables/4ecc36e0-b1d5-4d9d-81dd-616ad6fbdd8d_etl.md,,,/Users/karanallagh/Desktop/DataCollector/reports/experiments/universal_demo_combined_mock/rubric/4ecc36e0-b1d5-4d9d-81dd-616ad6fbdd8d_data_etl.json,,,,,,,0.0,False,,False,True
694f790b-9a05-494a-a679-212983382fba,data_processed_tasks.csv,/Users/karanallagh/Desktop/DataCollector/data/processed/tasks.csv,Message Center - QA and bug fixes,repo_patch,repo_patch,completed_patch,success,0.0,False,0.0,,,0.0,2026-02-24T18:41:21.494179,2026-02-24T18:41:21.508378,0.014199,False,n/a,,Looks like repository/app maintenance task,repo_keywords,repo_patch,repo_patch,rubric_repo_patch,repo_patch,69.0,False,False,0.0,False,3,3,/Users/karanallagh/Desktop/DataCollector/artifacts/self_verifying/universal_demo_combined_mock,,/Users/karanallagh/Desktop/DataCollector/reports/experiments/universal_demo_combined_mock/deliverables/694f790b-9a05-494a-a679-212983382fba_patch.md,/Users/karanallagh/Desktop/DataCollector/reports/experiments/universal_demo_combined_mock/patches/694f790b-9a05-494a-a679-212983382fba.diff,/Users/karanallagh/Desktop/DataCollector/reports/experiments/universal_demo_combined_mock/repo_logs/694f790b-9a05-494a-a679-212983382fba.json,/Users/karanallagh/Desktop/DataCollector/reports/experiments/universal_demo_combined_mock/rubric/694f790b-9a05-494a-a679-212983382fba_repo_patch.json,,,,,,,0.0,False,,False,True
